pokedex_number,name,japanese_name,classfication,height_m,weight_kg,attack,defense,hp,sp_attack,sp_defense,speed,type1,type2,generation,is_legendary
1,Bulbasaur,Fushigidaneフシギダネ,Seed Pokémon,0.7,6.9,49,49,45,65,65,45,grass,poison,1,0
2,Ivysaur,Fushigisouフシギソウ,Seed Pokémon,1,13,62,63,60,80,80,60,grass,poison,1,0
3,Venusaur,Fushigibanaフシギバナ,Seed Pokémon,2,100,100,123,80,122,120,80,grass,poison,1,0
4,Charmander,Hitokageヒトカゲ,Lizard Pokémon,0.6,8.5,52,43,39,60,50,65,fire,,1,0
5,Charmeleon,Lizardoリザード,Flame Pokémon,1.1,19,64,58,58,80,65,80,fire,,1,0
6,Charizard,Lizardonリザードン,Flame Pokémon,1.7,90.5,104,78,78,159,115,100,fire,flying,1,0
7,Squirtle,Zenigameゼニガメ,Tiny Turtle Pokémon,0.5,9,48,65,44,50,64,43,water,,1,0
8,Wartortle,Kameilカメール,Turtle Pokémon,1,22.5,63,80,59,65,80,58,water,,1,0
9,Blastoise,Kamexカメックス,Shellfish Pokémon,1.6,85.5,103,120,79,135,115,78,water,,1,0
10,Caterpie,Caterpieキャタピー,Worm Pokémon,0.3,2.9,30,35,45,20,20,45,bug,,1,0
11,Metapod,Transelトランセル,Cocoon Pokémon,0.7,9.9,20,55,50,25,25,30,bug,,1,0
12,Butterfree,Butterfreeバタフリー,Butterfly Pokémon,1.1,32,45,50,60,90,80,70,bug,flying,1,0
13,Weedle,Beedleビードル,Hairy Pokémon,0.3,3.2,35,30,40,20,20,50,bug,poison,1,0
14,Kakuna,Cocoonコクーン,Cocoon Pokémon,0.6,10,25,50,45,25,25,35,bug,poison,1,0
15,Beedrill,Spearスピアー,Poison Bee Pokémon,1,29.5,150,40,65,15,80,145,bug,poison,1,0
16,Pidgey,Poppoポッポ,Tiny Bird Pokémon,0.3,1.8,45,40,40,35,35,56,normal,flying,1,0
17,Pidgeotto,Pigeonピジョン,Bird Pokémon,1.1,30,60,55,63,50,50,71,normal,flying,1,0
18,Pidgeot,Pigeotピジョット,Bird Pokémon,1.5,39.5,80,80,83,135,80,121,normal,flying,1,0
19,Rattata,Korattaコラッタ,Mouse Pokémon,,,56,35,30,25,35,72,normal,dark,1,0
20,Raticate,Rattaラッタ,Mouse Pokémon,,,71,70,75,40,80,77,normal,dark,1,0
21,Spearow,Onisuzumeオニスズメ,Tiny Bird Pokémon,0.3,2,60,30,40,31,31,70,normal,flying,1,0
22,Fearow,Onidrillオニドリル,Beak Pokémon,1.2,38,90,65,65,61,61,100,normal,flying,1,0
23,Ekans,Arboアーボ,Snake Pokémon,2,6.9,60,44,35,40,54,55,poison,,1,0
24,Arbok,Arbokアーボック,Cobra Pokémon,3.5,65,95,69,60,65,79,80,poison,,1,0
25,Pikachu,Pikachuピカチュウ,Mouse Pokémon,0.4,6,55,40,35,50,50,90,electric,,1,0
26,Raichu,Raichuライチュウ,Mouse Pokémon,,,85,50,60,95,85,110,electric,electric,1,0
27,Sandshrew,Sandサンド,Mouse Pokémon,,,75,90,50,10,35,40,ground,ice,1,0
28,Sandslash,Sandpanサンドパン,Mouse Pokémon,,,100,120,75,25,65,65,ground,ice,1,0
29,Nidoran♀,Nidoran?ニドラン♀,Poison Pin Pokémon,0.4,7,47,52,55,40,40,41,poison,,1,0
30,Nidorina,Nidorinaニドリーナ,Poison Pin Pokémon,0.8,20,62,67,70,55,55,56,poison,,1,0
31,Nidoqueen,Nidoqueenニドクイン,Drill Pokémon,1.3,60,92,87,90,75,85,76,poison,ground,1,0
32,Nidoran♂,Nidoran?ニドラン♂,Poison Pin Pokémon,0.5,9,57,40,46,40,40,50,poison,,1,0
33,Nidorino,Nidorinoニドリーノ,Poison Pin Pokémon,0.9,19.5,72,57,61,55,55,65,poison,,1,0
34,Nidoking,Nidokingニドキング,Drill Pokémon,1.4,62,102,77,81,85,75,85,poison,ground,1,0
35,Clefairy,Pippiピッピ,Fairy Pokémon,0.6,7.5,45,48,70,60,65,35,fairy,,1,0
36,Clefable,Pixyピクシー,Fairy Pokémon,1.3,40,70,73,95,95,90,60,fairy,,1,0
37,Vulpix,Rokonロコン,Fox Pokémon,,,41,40,38,50,65,65,fire,ice,1,0
38,Ninetales,Kyukonキュウコン,Fox Pokémon,,,67,75,73,81,100,109,fire,ice,1,0
39,Jigglypuff,Purinプリン,Balloon Pokémon,0.5,5.5,45,20,115,45,25,20,normal,fairy,1,0
40,Wigglytuff,Pukurinプクリン,Balloon Pokémon,1,12,70,45,140,85,50,45,normal,fairy,1,0
41,Zubat,Zubatズバット,Bat Pokémon,0.8,7.5,45,35,40,30,40,55,poison,flying,1,0
42,Golbat,Golbatゴルバット,Bat Pokémon,1.6,55,80,70,75,65,75,90,poison,flying,1,0
43,Oddish,Nazonokusaナゾノクサ,Weed Pokémon,0.5,5.4,50,55,45,75,65,30,grass,poison,1,0
44,Gloom,Kusaihanaクサイハナ,Weed Pokémon,0.8,8.6,65,70,60,85,75,40,grass,poison,1,0
45,Vileplume,Ruffresiaラフレシア,Flower Pokémon,1.2,18.6,80,85,75,110,90,50,grass,poison,1,0
46,Paras,Parasパラス,Mushroom Pokémon,0.3,5.4,70,55,35,45,55,25,bug,grass,1,0
47,Parasect,Parasectパラセクト,Mushroom Pokémon,1,29.5,95,80,60,60,80,30,bug,grass,1,0
48,Venonat,Kongpangコンパン,Insect Pokémon,1,30,55,50,60,40,55,45,bug,poison,1,0
49,Venomoth,Morphonモルフォン,Poison Moth Pokémon,1.5,12.5,65,60,70,90,75,90,bug,poison,1,0
50,Diglett,Digdaディグダ,Mole Pokémon,,,55,30,10,35,45,90,ground,ground,1,0
51,Dugtrio,Dugtrioダグトリオ,Mole Pokémon,,,100,60,35,50,70,110,ground,ground,1,0
52,Meowth,Nyarthニャース,Scratch Cat Pokémon,,,35,35,40,50,40,90,normal,dark,1,0
53,Persian,Persianペルシアン,Classy Cat Pokémon,,,60,60,65,75,65,115,normal,dark,1,0
54,Psyduck,Koduckコダック,Duck Pokémon,0.8,19.6,52,48,50,65,50,55,water,,1,0
55,Golduck,Golduckゴルダック,Duck Pokémon,1.7,76.6,82,78,80,95,80,85,water,,1,0
56,Mankey,Mankeyマンキー,Pig Monkey Pokémon,0.5,28,80,35,40,35,45,70,fighting,,1,0
57,Primeape,Okorizaruオコリザル,Pig Monkey Pokémon,1,32,105,60,65,60,70,95,fighting,,1,0
58,Growlithe,Gardieガーディ,Puppy Pokémon,0.7,19,70,45,55,70,50,60,fire,,1,0
59,Arcanine,Windieウインディ,Legendary Pokémon,1.9,155,110,80,90,100,80,95,fire,,1,0
60,Poliwag,Nyoromoニョロモ,Tadpole Pokémon,0.6,12.4,50,40,40,40,40,90,water,,1,0
61,Poliwhirl,Nyorozoニョロゾ,Tadpole Pokémon,1,20,65,65,65,50,50,90,water,,1,0
62,Poliwrath,Nyorobonニョロボン,Tadpole Pokémon,1.3,54,95,95,90,70,90,70,water,fighting,1,0
63,Abra,Caseyケーシィ,Psi Pokémon,0.9,19.5,20,15,25,105,55,90,psychic,,1,0
64,Kadabra,Yungererユンゲラー,Psi Pokémon,1.3,56.5,35,30,40,120,70,105,psychic,,1,0
65,Alakazam,Foodinフーディン,Psi Pokémon,1.5,48,50,65,55,175,105,150,psychic,,1,0
66,Machop,Wanrikyワンリキー,Superpower Pokémon,0.8,19.5,80,50,70,35,35,35,fighting,,1,0
67,Machoke,Gorikyゴーリキー,Superpower Pokémon,1.5,70.5,100,70,80,50,60,45,fighting,,1,0
68,Machamp,Kairikyカイリキー,Superpower Pokémon,1.6,130,130,80,90,65,85,55,fighting,,1,0
69,Bellsprout,Madatsubomiマダツボミ,Flower Pokémon,0.7,4,75,35,50,70,30,40,grass,poison,1,0
70,Weepinbell,Utsudonウツドン,Flycatcher Pokémon,1,6.4,90,50,65,85,45,55,grass,poison,1,0
71,Victreebel,Utsubotウツボット,Flycatcher Pokémon,1.7,15.5,105,65,80,100,70,70,grass,poison,1,0
72,Tentacool,Menokurageメノクラゲ,Jellyfish Pokémon,0.9,45.5,40,35,40,50,100,70,water,poison,1,0
73,Tentacruel,Dokukurageドククラゲ,Jellyfish Pokémon,1.6,55,70,65,80,80,120,100,water,poison,1,0
74,Geodude,Isitsubuteイシツブテ,Rock Pokémon,,,80,100,40,30,30,20,rock,ground,1,0
75,Graveler,Goloneゴローン,Rock Pokémon,,,95,115,55,45,45,35,rock,ground,1,0
76,Golem,Golonyaゴローニャ,Megaton Pokémon,,,120,130,80,55,65,45,rock,ground,1,0
77,Ponyta,Ponytaポニータ,Fire Horse Pokémon,1,30,85,55,50,65,65,90,fire,,1,0
78,Rapidash,Gallopギャロップ,Fire Horse Pokémon,1.7,95,100,70,65,80,80,105,fire,,1,0
79,Slowpoke,Yadonヤドン,Dopey Pokémon,1.2,36,65,65,90,40,40,15,water,psychic,1,0
80,Slowbro,Yadoranヤドラン,Hermit Crab Pokémon,1.6,78.5,75,180,95,130,80,30,water,psychic,1,0
81,Magnemite,Coilコイル,Magnet Pokémon,0.3,6,35,70,25,95,55,45,electric,steel,1,0
82,Magneton,Rarecoilレアコイル,Magnet Pokémon,1,60,60,95,50,120,70,70,electric,steel,1,0
83,Farfetch'd,Kamonegiカモネギ,Wild Duck Pokémon,0.8,15,90,55,52,58,62,60,normal,flying,1,0
84,Doduo,Dodoドードー,Twin Bird Pokémon,1.4,39.2,85,45,35,35,35,75,normal,flying,1,0
85,Dodrio,Dodorioドードリオ,Triple Bird Pokémon,1.8,85.2,110,70,60,60,60,110,normal,flying,1,0
86,Seel,Pawouパウワウ,Sea Lion Pokémon,1.1,90,45,55,65,45,70,45,water,,1,0
87,Dewgong,Jugonジュゴン,Sea Lion Pokémon,1.7,120,70,80,90,70,95,70,water,ice,1,0
88,Grimer,Betbeterベトベター,Sludge Pokémon,,,80,50,80,40,50,25,poison,poison,1,0
89,Muk,Betbetonベトベトン,Sludge Pokémon,,,105,75,105,65,100,50,poison,poison,1,0
90,Shellder,Shellderシェルダー,Bivalve Pokémon,0.3,4,65,100,30,45,25,40,water,,1,0
91,Cloyster,Parshenパルシェン,Bivalve Pokémon,1.5,132.5,95,180,50,85,45,70,water,ice,1,0
92,Gastly,Ghosゴース,Gas Pokémon,1.3,0.1,35,30,30,100,35,80,ghost,poison,1,0
93,Haunter,Ghostゴースト,Gas Pokémon,1.6,0.1,50,45,45,115,55,95,ghost,poison,1,0
94,Gengar,Gangarゲンガー,Shadow Pokémon,1.5,40.5,65,80,60,170,95,130,ghost,poison,1,0
95,Onix,Iwarkイワーク,Rock Snake Pokémon,8.8,210,45,160,35,30,45,70,rock,ground,1,0
96,Drowzee,Sleepeスリープ,Hypnosis Pokémon,1,32.4,48,45,60,43,90,42,psychic,,1,0
97,Hypno,Sleeperスリーパー,Hypnosis Pokémon,1.6,75.6,73,70,85,73,115,67,psychic,,1,0
98,Krabby,Crabクラブ,River Crab Pokémon,0.4,6.5,105,90,30,25,25,50,water,,1,0
99,Kingler,Kinglerキングラー,Pincer Pokémon,1.3,60,130,115,55,50,50,75,water,,1,0
100,Voltorb,Biriridamaビリリダマ,Ball Pokémon,0.5,10.4,30,50,40,55,55,100,electric,,1,0
101,Electrode,Marumineマルマイン,Ball Pokémon,1.2,66.6,50,70,60,80,80,150,electric,,1,0
102,Exeggcute,Tamatamaタマタマ,Egg Pokémon,0.4,2.5,40,80,60,60,45,40,grass,psychic,1,0
103,Exeggutor,Nassyナッシー,Coconut Pokémon,,,105,85,95,125,75,45,grass,psychic,1,0
104,Cubone,Karakaraカラカラ,Lonely Pokémon,0.4,6.5,50,95,50,40,50,35,ground,,1,0
105,Marowak,Garagaraガラガラ,Bone Keeper Pokémon,,,80,110,60,50,80,45,ground,fire,1,0
106,Hitmonlee,Sawamularサワムラー,Kicking Pokémon,1.5,49.8,120,53,50,35,110,87,fighting,,1,0
107,Hitmonchan,Ebiwalarエビワラー,Punching Pokémon,1.4,50.2,105,79,50,35,110,76,fighting,,1,0
108,Lickitung,Beroringaベロリンガ,Licking Pokémon,1.2,65.5,55,75,90,60,75,30,normal,,1,0
109,Koffing,Dogarsドガース,Poison Gas Pokémon,0.6,1,65,95,40,60,45,35,poison,,1,0
110,Weezing,Matadogasマタドガス,Poison Gas Pokémon,1.2,9.5,90,120,65,85,70,60,poison,,1,0
111,Rhyhorn,Sihornサイホーン,Spikes Pokémon,1,115,85,95,80,30,30,25,ground,rock,1,0
112,Rhydon,Sidonサイドン,Drill Pokémon,1.9,120,130,120,105,45,45,40,ground,rock,1,0
113,Chansey,Luckyラッキー,Egg Pokémon,1.1,34.6,5,5,250,35,105,50,normal,,1,0
114,Tangela,Monjaraモンジャラ,Vine Pokémon,1,35,55,115,65,100,40,60,grass,,1,0
115,Kangaskhan,Garuraガルーラ,Parent Pokémon,2.2,80,125,100,105,60,100,100,normal,,1,0
116,Horsea,Tattuタッツー,Dragon Pokémon,0.4,8,40,70,30,70,25,60,water,,1,0
117,Seadra,Seadraシードラ,Dragon Pokémon,1.2,25,65,95,55,95,45,85,water,,1,0
118,Goldeen,Tosakintoトサキント,Goldfish Pokémon,0.6,15,67,60,45,35,50,63,water,,1,0
119,Seaking,Azumaoアズマオウ,Goldfish Pokémon,1.3,39,92,65,80,65,80,68,water,,1,0
120,Staryu,Hitodemanヒトデマン,Starshape Pokémon,0.8,34.5,45,55,30,70,55,85,water,,1,0
121,Starmie,Starmieスターミー,Mysterious Pokémon,1.1,80,75,85,60,100,85,115,water,psychic,1,0
122,Mr. Mime,Barrierdバリヤード,Barrier Pokémon,1.3,54.5,45,65,40,100,120,90,psychic,fairy,1,0
123,Scyther,Strikeストライク,Mantis Pokémon,1.5,56,110,80,70,55,80,105,bug,flying,1,0
124,Jynx,Rougelaルージュラ,Humanshape Pokémon,1.4,40.6,50,35,65,115,95,95,ice,psychic,1,0
125,Electabuzz,Elebooエレブー,Electric Pokémon,1.1,30,83,57,65,95,85,105,electric,,1,0
126,Magmar,Booberブーバー,Spitfire Pokémon,1.3,44.5,95,57,65,100,85,93,fire,,1,0
127,Pinsir,Kailiosカイロス,Stagbeetle Pokémon,1.5,55,155,120,65,65,90,105,bug,,1,0
128,Tauros,Kentaurosケンタロス,Wild Bull Pokémon,1.4,88.4,100,95,75,40,70,110,normal,,1,0
129,Magikarp,Koikingコイキング,Fish Pokémon,0.9,10,10,55,20,15,20,80,water,,1,0
130,Gyarados,Gyaradosギャラドス,Atrocious Pokémon,6.5,235,155,109,95,70,130,81,water,flying,1,0
131,Lapras,Laplaceラプラス,Transport Pokémon,2.5,220,85,80,130,85,95,60,water,ice,1,0
132,Ditto,Metamonメタモン,Transform Pokémon,0.3,4,48,48,48,48,48,48,normal,,1,0
133,Eevee,Eievuiイーブイ,Evolution Pokémon,0.3,6.5,55,50,55,45,65,55,normal,,1,0
134,Vaporeon,Showersシャワーズ,Bubble Jet Pokémon,1,29,65,60,130,110,95,65,water,,1,0
135,Jolteon,Thundersサンダース,Lightning Pokémon,0.8,24.5,65,60,65,110,95,130,electric,,1,0
136,Flareon,Boosterブースター,Flame Pokémon,0.9,25,130,60,65,95,110,65,fire,,1,0
137,Porygon,Porygonポリゴン,Virtual Pokémon,0.8,36.5,60,70,65,85,75,40,normal,,1,0
138,Omanyte,Omniteオムナイト,Spiral Pokémon,0.4,7.5,40,100,35,90,55,35,rock,water,1,0
139,Omastar,Omstarオムスター,Spiral Pokémon,1,35,60,125,70,115,70,55,rock,water,1,0
140,Kabuto,Kabutoカブト,Shellfish Pokémon,0.5,11.5,80,90,30,55,45,55,rock,water,1,0
141,Kabutops,Kabutopsカブトプス,Shellfish Pokémon,1.3,40.5,115,105,60,65,70,80,rock,water,1,0
142,Aerodactyl,Pteraプテラ,Fossil Pokémon,1.8,59,135,85,80,70,95,150,rock,flying,1,0
143,Snorlax,Kabigonカビゴン,Sleeping Pokémon,2.1,460,110,65,160,65,110,30,normal,,1,0
144,Articuno,Freezerフリーザー,Freeze Pokémon,1.7,55.4,85,100,90,95,125,85,ice,flying,1,1
145,Zapdos,Thunderサンダー,Electric Pokémon,1.6,52.6,90,85,90,125,90,100,electric,flying,1,1
146,Moltres,Fireファイヤー,Flame Pokémon,2,60,100,90,90,125,85,90,fire,flying,1,1
147,Dratini,Miniryuミニリュウ,Dragon Pokémon,1.8,3.3,64,45,41,50,50,50,dragon,,1,0
148,Dragonair,Hakuryuハクリュー,Dragon Pokémon,4,16.5,84,65,61,70,70,70,dragon,,1,0
149,Dragonite,Kairyuカイリュー,Dragon Pokémon,2.2,210,134,95,91,100,100,80,dragon,flying,1,0
150,Mewtwo,Mewtwoミュウツー,Genetic Pokémon,2,122,150,70,106,194,120,140,psychic,,1,1
151,Mew,Mewミュウ,New Species Pokémon,0.4,4,100,100,100,100,100,100,psychic,,1,1
152,Chikorita,Chicoritaチコリータ,Leaf Pokémon,0.9,6.4,49,65,45,49,65,45,grass,,2,0
153,Bayleef,Bayleafベイリーフ,Leaf Pokémon,1.2,15.8,62,80,60,63,80,60,grass,,2,0
154,Meganium,Meganiumメガニウム,Herb Pokémon,1.8,100.5,82,100,80,83,100,80,grass,,2,0
155,Cyndaquil,Hinoarashiヒノアラシ,Fire Mouse Pokémon,0.5,7.9,52,43,39,60,50,65,fire,,2,0
156,Quilava,Magmarashiマグマラシ,Volcano Pokémon,0.9,19,64,58,58,80,65,80,fire,,2,0
157,Typhlosion,Bakphoonバクフーン,Volcano Pokémon,1.7,79.5,84,78,78,109,85,100,fire,,2,0
158,Totodile,Waninokoワニノコ,Big Jaw Pokémon,0.6,9.5,65,64,50,44,48,43,water,,2,0
159,Croconaw,Alligatesアリゲイツ,Big Jaw Pokémon,1.1,25,80,80,65,59,63,58,water,,2,0
160,Feraligatr,Ordileオーダイル,Big Jaw Pokémon,2.3,88.8,105,100,85,79,83,78,water,,2,0
161,Sentret,Otachiオタチ,Scout Pokémon,0.8,6,46,34,35,35,45,20,normal,,2,0
162,Furret,Ootachiオオタチ,Long Body Pokémon,1.8,32.5,76,64,85,45,55,90,normal,,2,0
163,Hoothoot,Hohoホーホー,Owl Pokémon,0.7,21.2,30,30,60,36,56,50,normal,flying,2,0
164,Noctowl,Yorunozukuヨルノズク,Owl Pokémon,1.6,40.8,50,50,100,86,96,70,normal,flying,2,0
165,Ledyba,Redibaレディバ,Five Star Pokémon,1,10.8,20,30,40,40,80,55,bug,flying,2,0
166,Ledian,Redianレディアン,Five Star Pokémon,1.4,35.6,35,50,55,55,110,85,bug,flying,2,0
167,Spinarak,Itomaruイトマル,String Spit Pokémon,0.5,8.5,60,40,40,40,40,30,bug,poison,2,0
168,Ariados,Ariadosアリアドス,Long Leg Pokémon,1.1,33.5,90,70,70,60,70,40,bug,poison,2,0
169,Crobat,Crobatクロバット,Bat Pokémon,1.8,75,90,80,85,70,80,130,poison,flying,2,0
170,Chinchou,Chonchieチョンチー,Angler Pokémon,0.5,12,38,38,75,56,56,67,water,electric,2,0
171,Lanturn,Lanternランターン,Light Pokémon,1.2,22.5,58,58,125,76,76,67,water,electric,2,0
172,Pichu,Pichuピチュー,Tiny Mouse Pokémon,0.3,2,40,15,20,35,35,60,electric,,2,0
173,Cleffa,Pyピィ,Star Shape Pokémon,0.3,3,25,28,50,45,55,15,fairy,,2,0
174,Igglybuff,Pupurinププリン,Balloon Pokémon,0.3,1,30,15,90,40,20,15,normal,fairy,2,0
175,Togepi,Togepyトゲピー,Spike Ball Pokémon,0.3,1.5,20,65,35,40,65,20,fairy,,2,0
176,Togetic,Togechickトゲチック,Happiness Pokémon,0.6,3.2,40,85,55,80,105,40,fairy,flying,2,0
177,Natu,Natyネイティ,Little Bird Pokémon,0.2,2,50,45,40,70,45,70,psychic,flying,2,0
178,Xatu,Natioネイティオ,Mystic Pokémon,1.5,15,75,70,65,95,70,95,psychic,flying,2,0
179,Mareep,Merriepメリープ,Wool Pokémon,0.6,7.8,40,40,55,65,45,35,electric,,2,0
180,Flaaffy,Mokokoモココ,Wool Pokémon,0.8,13.3,55,55,70,80,60,45,electric,,2,0
181,Ampharos,Denryuデンリュウ,Light Pokémon,1.4,61.5,95,105,90,165,110,45,electric,,2,0
182,Bellossom,Kireihanaキレイハナ,Flower Pokémon,0.4,5.8,80,95,75,90,100,50,grass,,2,0
183,Marill,Marilマリル,Aquamouse Pokémon,0.4,8.5,20,50,70,20,50,40,water,fairy,2,0
184,Azumarill,Marilliマリルリ,Aquarabbit Pokémon,0.8,28.5,50,80,100,60,80,50,water,fairy,2,0
185,Sudowoodo,Usokkieウソッキー,Imitation Pokémon,1.2,38,100,115,70,30,65,30,rock,,2,0
186,Politoed,Nyorotonoニョロトノ,Frog Pokémon,1.1,33.9,75,75,90,90,100,70,water,,2,0
187,Hoppip,Haneccoハネッコ,Cottonweed Pokémon,0.4,0.5,35,40,35,35,55,50,grass,flying,2,0
188,Skiploom,Popoccoポポッコ,Cottonweed Pokémon,0.6,1,45,50,55,45,65,80,grass,flying,2,0
189,Jumpluff,Wataccoワタッコ,Cottonweed Pokémon,0.8,3,55,70,75,55,95,110,grass,flying,2,0
190,Aipom,Eipamエイパム,Long Tail Pokémon,0.8,11.5,70,55,55,40,55,85,normal,,2,0
191,Sunkern,Himanutsヒマナッツ,Seed Pokémon,0.3,1.8,30,30,30,30,30,30,grass,,2,0
192,Sunflora,Kimawariキマワリ,Sun Pokémon,0.8,8.5,75,55,75,105,85,30,grass,,2,0
193,Yanma,Yanyanmaヤンヤンマ,Clear Wing Pokémon,1.2,38,65,45,65,75,45,95,bug,flying,2,0
194,Wooper,Upahウパー,Water Fish Pokémon,0.4,8.5,45,45,55,25,25,15,water,ground,2,0
195,Quagsire,Nuohヌオー,Water Fish Pokémon,1.4,75,85,85,95,65,65,35,water,ground,2,0
196,Espeon,Eifieエーフィ,Sun Pokémon,0.9,26.5,65,60,65,130,95,110,psychic,,2,0
197,Umbreon,Blackyブラッキー,Moonlight Pokémon,1,27,65,110,95,60,130,65,dark,,2,0
198,Murkrow,Yamikarasuヤミカラス,Darkness Pokémon,0.5,2.1,85,42,60,85,42,91,dark,flying,2,0
199,Slowking,Yadokingヤドキング,Royal Pokémon,2,79.5,75,80,95,100,110,30,water,psychic,2,0
200,Misdreavus,Mumaムウマ,Screech Pokémon,0.7,1,60,60,60,85,85,85,ghost,,2,0
201,Unown,Unknownアンノーン,Symbol Pokémon,0.5,5,72,48,48,72,48,48,psychic,,2,0
202,Wobbuffet,Sonansソーナンス,Patient Pokémon,1.3,28.5,33,58,190,33,58,33,psychic,,2,0
203,Girafarig,Kirinrikiキリンリキ,Long Neck Pokémon,1.5,41.5,80,65,70,90,65,85,normal,psychic,2,0
204,Pineco,Kunugidamaクヌギダマ,Bagworm Pokémon,0.6,7.2,65,90,50,35,35,15,bug,,2,0
205,Forretress,Foretosフォレトス,Bagworm Pokémon,1.2,125.8,90,140,75,60,60,40,bug,steel,2,0
206,Dunsparce,Nokocchiノコッチ,Land Snake Pokémon,1.5,14,70,70,100,65,65,45,normal,,2,0
207,Gligar,Gligerグライガー,Flyscorpion Pokémon,1.1,64.8,75,105,65,35,65,85,ground,flying,2,0
208,Steelix,Haganeilハガネール,Iron Snake Pokémon,9.2,400,125,230,75,55,95,30,steel,ground,2,0
209,Snubbull,Buluブルー,Fairy Pokémon,0.6,7.8,80,50,60,40,40,30,fairy,,2,0
210,Granbull,Granbuluグランブル,Fairy Pokémon,1.4,48.7,120,75,90,60,60,45,fairy,,2,0
211,Qwilfish,Harysenハリーセン,Balloon Pokémon,0.5,3.9,95,85,65,55,55,85,water,poison,2,0
212,Scizor,Hassamハッサム,Pincer Pokémon,1.8,118,150,140,70,65,100,75,bug,steel,2,0
213,Shuckle,Tsubotsuboツボツボ,Mold Pokémon,0.6,20.5,10,230,20,10,230,5,bug,rock,2,0
214,Heracross,Heracrosヘラクロス,Singlehorn Pokémon,1.5,54,185,115,80,40,105,75,bug,fighting,2,0
215,Sneasel,Nyulaニューラ,Sharp Claw Pokémon,0.9,28,95,55,55,35,75,115,dark,ice,2,0
216,Teddiursa,Himegumaヒメグマ,Little Bear Pokémon,0.6,8.8,80,50,60,50,50,40,normal,,2,0
217,Ursaring,Ringumaリングマ,Hibernator Pokémon,1.8,125.8,130,75,90,75,75,55,normal,,2,0
218,Slugma,Magmagマグマッグ,Lava Pokémon,0.7,35,40,40,40,70,40,20,fire,,2,0
219,Magcargo,Magcargotマグカルゴ,Lava Pokémon,0.8,55,50,120,60,90,80,30,fire,rock,2,0
220,Swinub,Urimooウリムー,Pig Pokémon,0.4,6.5,50,40,50,30,30,50,ice,ground,2,0
221,Piloswine,Inomooイノムー,Swine Pokémon,1.1,55.8,100,80,100,60,60,50,ice,ground,2,0
222,Corsola,Sunnygoサニーゴ,Coral Pokémon,0.6,5,55,95,65,65,95,35,water,rock,2,0
223,Remoraid,Teppouoテッポウオ,Jet Pokémon,0.6,12,65,35,35,65,35,65,water,,2,0
224,Octillery,Okutankオクタン,Jet Pokémon,0.9,28.5,105,75,75,105,75,45,water,,2,0
225,Delibird,Delibirdデリバード,Delivery Pokémon,0.9,16,55,45,45,65,45,75,ice,flying,2,0
226,Mantine,Mantainマンタイン,Kite Pokémon,2.1,220,40,70,85,80,140,70,water,flying,2,0
227,Skarmory,Airmdエアームド,Armor Bird Pokémon,1.7,50.5,80,140,65,40,70,70,steel,flying,2,0
228,Houndour,Delvilデルビル,Dark Pokémon,0.6,10.8,60,30,45,80,50,65,dark,fire,2,0
229,Houndoom,Hellgarヘルガー,Dark Pokémon,1.4,35,90,90,75,140,90,115,dark,fire,2,0
230,Kingdra,Kingdraキングドラ,Dragon Pokémon,1.8,152,95,95,75,95,95,85,water,dragon,2,0
231,Phanpy,Gomazouゴマゾウ,Long Nose Pokémon,0.5,33.5,60,60,90,40,40,40,ground,,2,0
232,Donphan,Donfanドンファン,Armor Pokémon,1.1,120,120,120,90,60,60,50,ground,,2,0
233,Porygon2,Porygon2ポリゴン２,Virtual Pokémon,0.6,32.5,80,90,85,105,95,60,normal,,2,0
234,Stantler,Odoshishiオドシシ,Big Horn Pokémon,1.4,71.2,95,62,73,85,65,85,normal,,2,0
235,Smeargle,Dobleドーブル,Painter Pokémon,1.2,58,20,35,55,20,45,75,normal,,2,0
236,Tyrogue,Balkieバルキー,Scuffle Pokémon,0.7,21,35,35,35,35,35,35,fighting,,2,0
237,Hitmontop,Kapoererカポエラー,Handstand Pokémon,1.4,48,95,95,50,35,110,70,fighting,,2,0
238,Smoochum,Muchulムチュール,Kiss Pokémon,0.4,6,30,15,45,85,65,65,ice,psychic,2,0
239,Elekid,Elekidエレキッド,Electric Pokémon,0.6,23.5,63,37,45,65,55,95,electric,,2,0
240,Magby,Bubyブビィ,Live Coal Pokémon,0.7,21.4,75,37,45,70,55,83,fire,,2,0
241,Miltank,Miltankミルタンク,Milk Cow Pokémon,1.2,75.5,80,105,95,40,70,100,normal,,2,0
242,Blissey,Happinasハピナス,Happiness Pokémon,1.5,46.8,10,10,255,75,135,55,normal,,2,0
243,Raikou,Raikouライコウ,Thunder Pokémon,1.9,178,85,75,90,115,100,115,electric,,2,1
244,Entei,Enteiエンテイ,Volcano Pokémon,2.1,198,115,85,115,90,75,100,fire,,2,1
245,Suicune,Suicuneスイクン,Aurora Pokémon,2,187,75,115,100,90,115,85,water,,2,1
246,Larvitar,Yogirasヨーギラス,Rock Skin Pokémon,0.6,72,64,50,50,45,50,41,rock,ground,2,0
247,Pupitar,Sanagirasサナギラス,Hard Shell Pokémon,1.2,152,84,70,70,65,70,51,rock,ground,2,0
248,Tyranitar,Bangirasバンギラス,Armor Pokémon,2,202,164,150,100,95,120,71,rock,dark,2,0
249,Lugia,Lugiaルギア,Diving Pokémon,5.2,216,90,130,106,90,154,110,psychic,flying,2,1
250,Ho-Oh,Hououホウオウ,Rainbow Pokémon,3.8,199,130,90,106,110,154,90,fire,flying,2,1
251,Celebi,Celebiセレビィ,Time Travel Pokémon,0.6,5,100,100,100,100,100,100,psychic,grass,2,1
252,Treecko,Kimoriキモリ,Wood Gecko Pokémon,0.5,5,45,35,40,65,55,70,grass,,3,0
253,Grovyle,Juptileジュプトル,Wood Gecko Pokémon,0.9,21.6,65,45,50,85,65,95,grass,,3,0
254,Sceptile,Jukainジュカイン,Forest Pokémon,1.7,52.2,110,75,70,145,85,145,grass,,3,0
255,Torchic,Achamoアチャモ,Chick Pokémon,0.4,2.5,60,40,45,70,50,45,fire,,3,0
256,Combusken,Wakasyamoワカシャモ,Young Fowl Pokémon,0.9,19.5,85,60,60,85,60,55,fire,fighting,3,0
257,Blaziken,Bursyamoバシャーモ,Blaze Pokémon,1.9,52,160,80,80,130,80,100,fire,fighting,3,0
258,Mudkip,Mizugorouミズゴロウ,Mud Fish Pokémon,0.4,7.6,70,50,50,50,50,40,water,,3,0
259,Marshtomp,Numacrawヌマクロー,Mud Fish Pokémon,0.7,28,85,70,70,60,70,50,water,ground,3,0
260,Swampert,Laglargeラグラージ,Mud Fish Pokémon,1.5,81.9,150,110,100,95,110,70,water,ground,3,0
261,Poochyena,Pochienaポチエナ,Bite Pokémon,0.5,13.6,55,35,35,30,30,35,dark,,3,0
262,Mightyena,Graenaグラエナ,Bite Pokémon,1,37,90,70,70,60,60,70,dark,,3,0
263,Zigzagoon,Jiguzagumaジグザグマ,Tiny Racoon Pokémon,0.4,17.5,30,41,38,30,41,60,normal,,3,0
264,Linoone,Massugumaマッスグマ,Rush Pokémon,0.5,32.5,70,61,78,50,61,100,normal,,3,0
265,Wurmple,Kemussoケムッソ,Worm Pokémon,0.3,3.6,45,35,45,20,30,20,bug,,3,0
266,Silcoon,Karasalisカラサリス,Cocoon Pokémon,0.6,10,35,55,50,25,25,15,bug,,3,0
267,Beautifly,Agehuntアゲハント,Butterfly Pokémon,1,28.4,70,50,60,100,50,65,bug,flying,3,0
268,Cascoon,Mayuldマユルド,Cocoon Pokémon,0.7,11.5,35,55,50,25,25,15,bug,,3,0
269,Dustox,Dokucaleドクケイル,Poison Moth Pokémon,1.2,31.6,50,70,60,50,90,65,bug,poison,3,0
270,Lotad,Hassbohハスボー,Water Weed Pokémon,0.5,2.6,30,30,40,40,50,30,water,grass,3,0
271,Lombre,Hasubreroハスブレロ,Jolly Pokémon,1.2,32.5,50,50,60,60,70,50,water,grass,3,0
272,Ludicolo,Runpappaルンパッパ,Carefree Pokémon,1.5,55,70,70,80,90,100,70,water,grass,3,0
273,Seedot,Tanebohタネボー,Acorn Pokémon,0.5,4,40,50,40,30,30,30,grass,,3,0
274,Nuzleaf,Konohanaコノハナ,Wily Pokémon,1,28,70,40,70,60,40,60,grass,dark,3,0
275,Shiftry,Dirtengダーテング,Wickid Pokémon,1.3,59.6,100,60,90,90,60,80,grass,dark,3,0
276,Taillow,Subameスバメ,TinySwallow Pokémon,0.3,2.3,55,30,40,30,30,85,normal,flying,3,0
277,Swellow,Ohsubameオオスバメ,Swallow Pokémon,0.7,19.8,85,60,60,75,50,125,normal,flying,3,0
278,Wingull,Camomeキャモメ,Seagull Pokémon,0.6,9.5,30,30,40,55,30,85,water,flying,3,0
279,Pelipper,Pelipperペリッパー,Water Bird Pokémon,1.2,28,50,100,60,95,70,65,water,flying,3,0
280,Ralts,Raltsラルトス,Feeling Pokémon,0.4,6.6,25,25,28,45,35,40,psychic,fairy,3,0
281,Kirlia,Kirliaキルリア,Emotion Pokémon,0.8,20.2,35,35,38,65,55,50,psychic,fairy,3,0
282,Gardevoir,Sirnightサーナイト,Embrace Pokémon,1.6,48.4,85,65,68,165,135,100,psychic,fairy,3,0
283,Surskit,Ametamaアメタマ,Pond Skater Pokémon,0.5,1.7,30,32,40,50,52,65,bug,water,3,0
284,Masquerain,Amemothアメモース,Eyeball Pokémon,0.8,3.6,60,62,70,100,82,80,bug,flying,3,0
285,Shroomish,Kinococoキノココ,Mushroom Pokémon,0.4,4.5,40,60,60,40,60,35,grass,,3,0
286,Breloom,Kinogassaキノガッサ,Mushroom Pokémon,1.2,39.2,130,80,60,60,60,70,grass,fighting,3,0
287,Slakoth,Namakeroナマケロ,Slacker Pokémon,0.8,24,60,60,60,35,35,30,normal,,3,0
288,Vigoroth,Yarukimonoヤルキモノ,Wild Monkey Pokémon,1.4,46.5,80,80,80,55,55,90,normal,,3,0
289,Slaking,Kekkingケッキング,Lazy Pokémon,2,130.5,160,100,150,95,65,100,normal,,3,0
290,Nincada,Tutininツチニン,Trainee Pokémon,0.5,5.5,45,90,31,30,30,40,bug,ground,3,0
291,Ninjask,Tekkaninテッカニン,Ninja Pokémon,0.8,12,90,45,61,50,50,160,bug,flying,3,0
292,Shedinja,Nukeninヌケニン,Shed Pokémon,0.8,1.2,90,45,1,30,30,40,bug,ghost,3,0
293,Whismur,Gonyonyoゴニョニョ,Whisper Pokémon,0.6,16.3,51,23,64,51,23,28,normal,,3,0
294,Loudred,Dogohmbドゴーム,Big Voice Pokémon,1,40.5,71,43,84,71,43,48,normal,,3,0
295,Exploud,Bakuongバクオング,Loud Noise Pokémon,1.5,84,91,63,104,91,73,68,normal,,3,0
296,Makuhita,Makunoshitaマクノシタ,Guts Pokémon,1,86.4,60,30,72,20,30,25,fighting,,3,0
297,Hariyama,Hariteyamaハリテヤマ,Arm Thrust Pokémon,2.3,253.8,120,60,144,40,60,50,fighting,,3,0
298,Azurill,Ruririルリリ,Polka Dot Pokémon,0.2,2,20,40,50,20,40,20,normal,fairy,3,0
299,Nosepass,Nosepassノズパス,Compass Pokémon,1,97,45,135,30,45,90,30,rock,,3,0
300,Skitty,Enecoエネコ,Kitten Pokémon,0.6,11,45,45,50,35,35,50,normal,,3,0
301,Delcatty,Enekororoエネコロロ,Prim Pokémon,1.1,32.6,65,65,70,55,55,90,normal,,3,0
302,Sableye,Yamiramiヤミラミ,Darkness Pokémon,0.5,11,85,125,50,85,115,20,dark,ghost,3,0
303,Mawile,Kucheatクチート,Deceiver Pokémon,0.6,11.5,105,125,50,55,95,50,steel,fairy,3,0
304,Aron,Cokodoraココドラ,Iron Armor Pokémon,0.4,60,70,100,50,40,40,30,steel,rock,3,0
305,Lairon,Kodoraコドラ,Iron Armor Pokémon,0.9,120,90,140,60,50,50,40,steel,rock,3,0
306,Aggron,Bossgodoraボスゴドラ,Iron Armor Pokémon,2.1,360,140,230,70,60,80,50,steel,rock,3,0
307,Meditite,Asananアサナン,Meditate Pokémon,0.6,11.2,40,55,30,40,55,60,fighting,psychic,3,0
308,Medicham,Charemチャーレム,Meditate Pokémon,1.3,31.5,100,85,60,80,85,100,fighting,psychic,3,0
309,Electrike,Rakuraiラクライ,Lightning Pokémon,0.6,15.2,45,40,40,65,40,65,electric,,3,0
310,Manectric,Livoltライボルト,Discharge Pokémon,1.5,40.2,75,80,70,135,80,135,electric,,3,0
311,Plusle,Prasleプラスル,Cheering Pokémon,0.4,4.2,50,40,60,85,75,95,electric,,3,0
312,Minun,Minunマイナン,Cheering Pokémon,0.4,4.2,40,50,60,75,85,95,electric,,3,0
313,Volbeat,Barubeatバルビート,Firefly Pokémon,0.7,17.7,73,75,65,47,85,85,bug,,3,0
314,Illumise,Illumiseイルミーゼ,Firefly Pokémon,0.6,17.7,47,75,65,73,85,85,bug,,3,0
315,Roselia,Roseliaロゼリア,Thorn Pokémon,0.3,2,60,45,50,100,80,65,grass,poison,3,0
316,Gulpin,Gokulinゴクリン,Stomach Pokémon,0.4,10.3,43,53,70,43,53,40,poison,,3,0
317,Swalot,Marunoomマルノーム,Poison Bag Pokémon,1.7,80,73,83,100,73,83,55,poison,,3,0
318,Carvanha,Kibanhaキバニア,Savage Pokémon,0.8,20.8,90,20,45,65,20,65,water,dark,3,0
319,Sharpedo,Samehaderサメハダー,Brutal Pokémon,1.8,88.8,140,70,70,110,65,105,water,dark,3,0
320,Wailmer,Hoerukoホエルコ,Ball Whale Pokémon,2,130,70,35,130,70,35,60,water,,3,0
321,Wailord,Whalohホエルオー,Float Whale Pokémon,14.5,398,90,45,170,90,45,60,water,,3,0
322,Numel,Donmelドンメル,Numb Pokémon,0.7,24,60,40,60,65,45,35,fire,ground,3,0
323,Camerupt,Bakuudaバクーダ,Eruption Pokémon,1.9,220,120,100,70,145,105,20,fire,ground,3,0
324,Torkoal,Cotoiseコータス,Coal Pokémon,0.5,80.4,85,140,70,85,70,20,fire,,3,0
325,Spoink,Banebooバネブー,Bounce Pokémon,0.7,30.6,25,35,60,70,80,60,psychic,,3,0
326,Grumpig,Boopigブーピッグ,Manipulate Pokémon,0.9,71.5,45,65,80,90,110,80,psychic,,3,0
327,Spinda,Patcheelパッチール,Spot Panda Pokémon,1.1,5,60,60,60,60,60,60,normal,,3,0
328,Trapinch,Nuckrarナックラー,Ant Pit Pokémon,0.7,15,100,45,45,45,45,10,ground,,3,0
329,Vibrava,Vibravaビブラーバ,Vibration Pokémon,1.1,15.3,70,50,50,50,50,70,ground,dragon,3,0
330,Flygon,Flygonフライゴン,Mystic Pokémon,2,82,100,80,80,80,80,100,ground,dragon,3,0
331,Cacnea,Saboneaサボネア,Cactus Pokémon,0.4,51.3,85,40,50,85,40,35,grass,,3,0
332,Cacturne,Noctusノクタス,Scarecrow Pokémon,1.3,77.4,115,60,70,115,60,55,grass,dark,3,0
333,Swablu,Tylttoチルット,Cotton Bird Pokémon,0.4,1.2,40,60,45,40,75,50,normal,flying,3,0
334,Altaria,Tyltalisチルタリス,Humming Pokémon,1.1,20.6,110,110,75,110,105,80,dragon,flying,3,0
335,Zangoose,Zangooseザングース,Cat Ferret Pokémon,1.3,40.3,115,60,73,60,60,90,normal,,3,0
336,Seviper,Habunakeハブネーク,Fang Snake Pokémon,2.7,52.5,100,60,73,100,60,65,poison,,3,0
337,Lunatone,Lunatoneルナトーン,Meteorite Pokémon,1,168,55,65,90,95,85,70,rock,psychic,3,0
338,Solrock,Solrockソルロック,Meteorite Pokémon,1.2,154,95,85,90,55,65,70,rock,psychic,3,0
339,Barboach,Dojoachドジョッチ,Whiskers Pokémon,0.4,1.9,48,43,50,46,41,60,water,ground,3,0
340,Whiscash,Namazunナマズン,Whiskers Pokémon,0.9,23.6,78,73,110,76,71,60,water,ground,3,0
341,Corphish,Heiganiヘイガニ,Ruffian Pokémon,0.6,11.5,80,65,43,50,35,35,water,,3,0
342,Crawdaunt,Shizarigerシザリガー,Rogue Pokémon,1.1,32.8,120,85,63,90,55,55,water,dark,3,0
343,Baltoy,Yajilonヤジロン,Clay Doll Pokémon,0.5,21.5,40,55,40,40,70,55,ground,psychic,3,0
344,Claydol,Nendollネンドール,Clay Doll Pokémon,1.5,108,70,105,60,70,120,75,ground,psychic,3,0
345,Lileep,Lilylaリリーラ,Sea Lily Pokémon,1,23.8,41,77,66,61,87,23,rock,grass,3,0
346,Cradily,Yuradleユレイドル,Barnacle Pokémon,1.5,60.4,81,97,86,81,107,43,rock,grass,3,0
347,Anorith,Anopthアノプス,Old Shrimp Pokémon,0.7,12.5,95,50,45,40,50,75,rock,bug,3,0
348,Armaldo,Armaldoアーマルド,Plate Pokémon,1.5,68.2,125,100,75,70,80,45,rock,bug,3,0
349,Feebas,Hinbassヒンバス,Fish Pokémon,0.6,7.4,15,20,20,10,55,80,water,,3,0
350,Milotic,Milokarossミロカロス,Tender Pokémon,6.2,162,60,79,95,100,125,81,water,,3,0
351,Castform,Powalenポワルン,Weather Pokémon,0.3,0.8,70,70,70,70,70,70,normal,,3,0
352,Kecleon,Kakureonカクレオン,Color Swap Pokémon,1,22,90,70,60,60,120,40,normal,,3,0
353,Shuppet,Kagebouzuカゲボウズ,Puppet Pokémon,0.6,2.3,75,35,44,63,33,45,ghost,,3,0
354,Banette,Juppetaジュペッタ,Marionette Pokémon,1.1,12.5,165,75,64,93,83,75,ghost,,3,0
355,Duskull,Yomawaruヨマワル,Requiem Pokémon,0.8,15,40,90,20,30,90,25,ghost,,3,0
356,Dusclops,Samayouruサマヨール,Beckon Pokémon,1.6,30.6,70,130,40,60,130,25,ghost,,3,0
357,Tropius,Tropiusトロピウス,Fruit Pokémon,2,100,68,83,99,72,87,51,grass,flying,3,0
358,Chimecho,Chireanチリーン,Wind Chime Pokémon,0.6,1,50,80,75,95,90,65,psychic,,3,0
359,Absol,Absolアブソル,Disaster Pokémon,1.2,47,150,60,65,115,60,115,dark,,3,0
360,Wynaut,Sohnanoソーナノ,Bright Pokémon,0.6,14,23,48,95,23,48,23,psychic,,3,0
361,Snorunt,Yukiwarashiユキワラシ,Snow Hat Pokémon,0.7,16.8,50,50,50,50,50,50,ice,,3,0
362,Glalie,Onigohriオニゴーリ,Face Pokémon,1.5,256.5,120,80,80,120,80,100,ice,,3,0
363,Spheal,Tamazarashiタマザラシ,Clap Pokémon,0.8,39.5,40,50,70,55,50,25,ice,water,3,0
364,Sealeo,Todogglerトドグラー,Ball Roll Pokémon,1.1,87.6,60,70,90,75,70,45,ice,water,3,0
365,Walrein,Todoserugaトドゼルガ,Ice Break Pokémon,1.4,150.6,80,90,110,95,90,65,ice,water,3,0
366,Clamperl,Pearluluパールル,Bivalve Pokémon,0.4,52.5,64,85,35,74,55,32,water,,3,0
367,Huntail,Huntailハンテール,Deep Sea Pokémon,1.7,27,104,105,55,94,75,52,water,,3,0
368,Gorebyss,Sakurabyssサクラビス,South Sea Pokémon,1.8,22.6,84,105,55,114,75,52,water,,3,0
369,Relicanth,Glanthジーランス,Longevity Pokémon,1,23.4,90,130,100,45,65,55,water,rock,3,0
370,Luvdisc,Lovecusラブカス,Rendezvous Pokémon,0.6,8.7,30,55,43,40,65,97,water,,3,0
371,Bagon,Tatsubayタツベイ,Rock Head Pokémon,0.6,42.1,75,60,45,40,30,50,dragon,,3,0
372,Shelgon,Komoruuコモルー,Endurance Pokémon,1.1,110.5,95,100,65,60,50,50,dragon,,3,0
373,Salamence,Bohmanderボーマンダ,Dragon Pokémon,1.5,102.6,145,130,95,120,90,120,dragon,flying,3,0
374,Beldum,Dumbberダンバル,Iron Ball Pokémon,0.6,95.2,55,80,40,35,60,30,steel,psychic,3,0
375,Metang,Metangメタング,Iron Claw Pokémon,1.2,202.5,75,100,60,55,80,50,steel,psychic,3,0
376,Metagross,Metagrossメタグロス,Iron Leg Pokémon,1.6,550,145,150,80,105,110,110,steel,psychic,3,0
377,Regirock,Regirockレジロック,Rock Peak Pokémon,1.7,230,100,200,80,50,100,50,rock,,3,1
378,Regice,Regiceレジアイス,Iceberg Pokémon,1.8,175,50,100,80,100,200,50,ice,,3,1
379,Registeel,Registeelレジスチル,Iron Pokémon,1.9,205,75,150,80,75,150,50,steel,,3,1
380,Latias,Latiasラティアス,Eon Pokémon,1.4,40,100,120,80,140,150,110,dragon,psychic,3,1
381,Latios,Latiosラティオス,Eon Pokémon,2,60,130,100,80,160,120,110,dragon,psychic,3,1
382,Kyogre,Kyogreカイオーガ,Sea Basin Pokémon,4.5,352,150,90,100,180,160,90,water,,3,1
383,Groudon,Groudonグラードン,Continent Pokémon,3.5,950,180,160,100,150,90,90,ground,,3,1
384,Rayquaza,Rayquazaレックウザ,Sky High Pokémon,7,206.5,180,100,105,180,100,115,dragon,flying,3,1
385,Jirachi,Jirachiジラーチ,Wish Pokémon,0.3,1.1,100,100,100,100,100,100,steel,psychic,3,1
386,Deoxys,Deoxysデオキシス,DNA Pokémon,1.7,60.8,95,90,50,95,90,180,psychic,,3,1
387,Turtwig,Naetleナエトル,Tiny Leaf Pokémon,0.4,10.2,68,64,55,45,55,31,grass,,4,0
388,Grotle,Hayashigameハヤシガメ,Grove Pokémon,1.1,97,89,85,75,55,65,36,grass,,4,0
389,Torterra,Dodaitoseドダイトス,Continent Pokémon,2.2,310,109,105,95,75,85,56,grass,ground,4,0
390,Chimchar,Hikozaruヒコザル,Chimp Pokémon,0.5,6.2,58,44,44,58,44,61,fire,,4,0
391,Monferno,Moukazaruモウカザル,Playful Pokémon,0.9,22,78,52,64,78,52,81,fire,fighting,4,0
392,Infernape,Goukazaruゴウカザル,Flame Pokémon,1.2,55,104,71,76,104,71,108,fire,fighting,4,0
393,Piplup,Pochamaポッチャマ,Penguin Pokémon,0.4,5.2,51,53,53,61,56,40,water,,4,0
394,Prinplup,Pottaishiポッタイシ,Penguin Pokémon,0.8,23,66,68,64,81,76,50,water,,4,0
395,Empoleon,Emperteエンペルト,Emperor Pokémon,1.7,84.5,86,88,84,111,101,60,water,steel,4,0
396,Starly,Mukkuruムックル,Starling Pokémon,0.3,2,55,30,40,30,30,60,normal,flying,4,0
397,Staravia,Mukubirdムクバード,Starling Pokémon,0.6,15.5,75,50,55,40,40,80,normal,flying,4,0
398,Staraptor,Mukuhawkムクホーク,Predator Pokémon,1.2,24.9,120,70,85,50,60,100,normal,flying,4,0
399,Bidoof,Bippaビッパ,Plump Mouse Pokémon,0.5,20,45,40,59,35,40,31,normal,,4,0
400,Bibarel,Beadaruビーダル,Beaver Pokémon,1,31.5,85,60,79,55,60,71,normal,water,4,0
401,Kricketot,Korobohshiコロボーシ,Cricket Pokémon,0.3,2.2,25,41,37,25,41,25,bug,,4,0
402,Kricketune,Korotockコロトック,Cricket Pokémon,1,25.5,85,51,77,55,51,65,bug,,4,0
403,Shinx,Kolinkコリンク,Flash Pokémon,0.5,9.5,65,34,45,40,34,45,electric,,4,0
404,Luxio,Luxioルクシオ,Spark Pokémon,0.9,30.5,85,49,60,60,49,60,electric,,4,0
405,Luxray,Rentorarレントラー,Gleam Eyes Pokémon,1.4,42,120,79,80,95,79,70,electric,,4,0
406,Budew,Subomieスボミー,Bud Pokémon,0.2,1.2,30,35,40,50,70,55,grass,poison,4,0
407,Roserade,Roseradeロズレイド,Bouquet Pokémon,0.9,14.5,70,65,60,125,105,90,grass,poison,4,0
408,Cranidos,Zugaidosズガイドス,Head Butt Pokémon,0.9,31.5,125,40,67,30,30,58,rock,,4,0
409,Rampardos,Rampaldラムパルド,Head Butt Pokémon,1.6,102.5,165,60,97,65,50,58,rock,,4,0
410,Shieldon,Tatetopsタテトプス,Shield Pokémon,0.5,57,42,118,30,42,88,30,rock,steel,4,0
411,Bastiodon,Toridepsトリデプス,Shield Pokémon,1.3,149.5,52,168,60,47,138,30,rock,steel,4,0
412,Burmy,Minomucchiミノムッチ,Bagworm Pokémon,0.2,3.4,29,45,40,29,45,36,bug,,4,0
413,Wormadam,Minomadam (kusaki No Mino)ミノマダム,Bagworm Pokémon,0.5,6.5,69,95,60,69,95,36,bug,grass,4,0
414,Mothim,Gamaleガーメイル,Moth Pokémon,0.9,23.3,94,50,70,94,50,66,bug,flying,4,0
415,Combee,Mitsuhoneyミツハニー,Tiny Bee Pokémon,0.3,5.5,30,42,30,30,42,70,bug,flying,4,0
416,Vespiquen,Beequenビークイン,Beehive Pokémon,1.2,38.5,80,102,70,80,102,40,bug,flying,4,0
417,Pachirisu,Pachirisuパチリス,EleSquirrel Pokémon,0.4,3.9,45,70,60,45,90,95,electric,,4,0
418,Buizel,Buoyselブイゼル,Sea Weasel Pokémon,0.7,29.5,65,35,55,60,30,85,water,,4,0
419,Floatzel,Floazelフローゼル,Sea Weasel Pokémon,1.1,33.5,105,55,85,85,50,115,water,,4,0
420,Cherubi,Cherinboチェリンボ,Cherry Pokémon,0.4,3.3,35,45,45,62,53,35,grass,,4,0
421,Cherrim,Cherrimチェリム,Blossom Pokémon,0.5,9.3,60,70,70,87,78,85,grass,,4,0
422,Shellos,Karanakushiカラナクシ,Sea Slug Pokémon,0.3,6.3,48,48,76,57,62,34,water,,4,0
423,Gastrodon,Tritodonトリトドン,Sea Slug Pokémon,0.9,29.9,83,68,111,92,82,39,water,ground,4,0
424,Ambipom,Etebothエテボース,Long Tail Pokémon,1.2,20.3,100,66,75,60,66,115,normal,,4,0
425,Drifloon,Fuwanteフワンテ,Balloon Pokémon,0.4,1.2,50,34,90,60,44,70,ghost,flying,4,0
426,Drifblim,Fuwarideフワライド,Blimp Pokémon,1.2,15,80,44,150,90,54,80,ghost,flying,4,0
427,Buneary,Mimirolミミロル,Rabbit Pokémon,0.4,5.5,66,44,55,44,56,85,normal,,4,0
428,Lopunny,Mimilopミミロップ,Rabbit Pokémon,1.2,33.3,136,94,65,54,96,135,normal,,4,0
429,Mismagius,Mumargiムウマージ,Magical Pokémon,0.9,4.4,60,60,60,105,105,105,ghost,,4,0
430,Honchkrow,Dongkarasuドンカラス,Big Boss Pokémon,0.9,27.3,125,52,100,105,52,71,dark,flying,4,0
431,Glameow,Nyarmarニャルマー,Catty Pokémon,0.5,3.9,55,42,49,42,37,85,normal,,4,0
432,Purugly,Bunyattoブニャット,Tiger Cat Pokémon,1,43.8,82,64,71,64,59,112,normal,,4,0
433,Chingling,Lisyanリーシャン,Bell Pokémon,0.2,0.6,30,50,45,65,50,45,psychic,,4,0
434,Stunky,Skunpuuスカンプー,Skunk Pokémon,0.4,19.2,63,47,63,41,41,74,poison,dark,4,0
435,Skuntank,Skutankスカタンク,Skunk Pokémon,1,38,93,67,103,71,61,84,poison,dark,4,0
436,Bronzor,Dohmirrorドーミラー,Bronze Pokémon,0.5,60.5,24,86,57,24,86,23,steel,psychic,4,0
437,Bronzong,Dohtakunドータクン,Bronze Bell Pokémon,1.3,187,89,116,67,79,116,33,steel,psychic,4,0
438,Bonsly,Usohachiウソハチ,Bonsai Pokémon,0.5,15,80,95,50,10,45,10,rock,,4,0
439,Mime Jr.,Maneneマネネ,Mime Pokémon,0.6,13,25,45,20,70,90,60,psychic,fairy,4,0
440,Happiny,Pinpukuピンプク,Playhouse Pokémon,0.6,24.4,5,5,100,15,65,30,normal,,4,0
441,Chatot,Perapペラップ,Music Note Pokémon,0.5,1.9,65,45,76,92,42,91,normal,flying,4,0
442,Spiritomb,Mikarugeミカルゲ,Forbidden Pokémon,1,108,92,108,50,92,108,35,ghost,dark,4,0
443,Gible,Fukamaruフカマル,Land Shark Pokémon,0.7,20.5,70,45,58,40,45,42,dragon,ground,4,0
444,Gabite,Gabiteガバイト,Cave Pokémon,1.4,56,90,65,68,50,55,82,dragon,ground,4,0
445,Garchomp,Gaburiasガブリアス,Mach Pokémon,1.9,95,170,115,108,120,95,92,dragon,ground,4,0
446,Munchlax,Gonbeゴンベ,Big Eater Pokémon,0.6,105,85,40,135,40,85,5,normal,,4,0
447,Riolu,Rioluリオル,Emanation Pokémon,0.7,20.2,70,40,40,35,40,60,fighting,,4,0
448,Lucario,Lucarioルカリオ,Aura Pokémon,1.2,54,145,88,70,140,70,112,fighting,steel,4,0
449,Hippopotas,Hippopotasヒポポタス,Hippo Pokémon,0.8,49.5,72,78,68,38,42,32,ground,,4,0
450,Hippowdon,Kabaldonカバルドン,Heavyweight Pokémon,2,300,112,118,108,68,72,47,ground,,4,0
451,Skorupi,Scorupiスコルピ,Scorpion Pokémon,0.8,12,50,90,40,30,55,65,poison,bug,4,0
452,Drapion,Dorapionドラピオン,Ogre Scorp Pokémon,1.3,61.5,90,110,70,60,75,95,poison,dark,4,0
453,Croagunk,Gureggruグレッグル,Toxic Mouth Pokémon,0.7,23,61,40,48,61,40,50,poison,fighting,4,0
454,Toxicroak,Dokurogドクロッグ,Toxic Mouth Pokémon,1.3,44.4,106,65,83,86,65,85,poison,fighting,4,0
455,Carnivine,Muskippaマスキッパ,Bug Catcher Pokémon,1.4,27,100,72,74,90,72,46,grass,,4,0
456,Finneon,Keikouoケイコウオ,Wing Fish Pokémon,0.4,7,49,56,49,49,61,66,water,,4,0
457,Lumineon,Neolantネオラント,Neon Pokémon,1.2,24,69,76,69,69,86,91,water,,4,0
458,Mantyke,Tamantaタマンタ,Kite Pokémon,1,65,20,50,45,60,120,50,water,flying,4,0
459,Snover,Yukikaburiユキカブリ,Frosted Tree Pokémon,1,50.5,62,50,60,62,60,40,grass,ice,4,0
460,Abomasnow,Yukinoohユキノオー,Frosted Tree Pokémon,2.2,135.5,132,105,90,132,105,30,grass,ice,4,0
461,Weavile,Manyulaマニューラ,Sharp Claw Pokémon,1.1,34,120,65,70,45,85,125,dark,ice,4,0
462,Magnezone,Jibacoilジバコイル,Magnet Area Pokémon,1.2,180,70,115,70,130,90,60,electric,steel,4,0
463,Lickilicky,Berobeltベロベルト,Licking Pokémon,1.7,140,85,95,110,80,95,50,normal,,4,0
464,Rhyperior,Dosidonドサイドン,Drill Pokémon,2.4,282.8,140,130,115,55,55,40,ground,rock,4,0
465,Tangrowth,Mojumboモジャンボ,Vine Pokémon,2,128.6,100,125,100,110,50,50,grass,,4,0
466,Electivire,Elekibleエレキブル,Thunderbolt Pokémon,1.8,138.6,123,67,75,95,85,95,electric,,4,0
467,Magmortar,Booburnブーバーン,Blast Pokémon,1.6,68,95,67,75,125,95,83,fire,,4,0
468,Togekiss,Togekissトゲキッス,Jubilee Pokémon,1.5,38,50,95,85,120,115,80,fairy,flying,4,0
469,Yanmega,Megayanmaメガヤンマ,Ogre Darner Pokémon,1.9,51.5,76,86,86,116,56,95,bug,flying,4,0
470,Leafeon,Leafiaリーフィア,Verdant Pokémon,1,25.5,110,130,65,60,65,95,grass,,4,0
471,Glaceon,Glaciaグレイシア,Fresh Snow Pokémon,0.8,25.9,60,110,65,130,95,65,ice,,4,0
472,Gliscor,Glionグライオン,Fang Scorp Pokémon,2,42.5,95,125,75,45,75,95,ground,flying,4,0
473,Mamoswine,Mammooマンムー,Twin Tusk Pokémon,2.5,291,130,80,110,70,60,80,ice,ground,4,0
474,Porygon-Z,Porygon-zポリゴンＺ,Virtual Pokémon,0.9,34,80,70,85,135,75,90,normal,,4,0
475,Gallade,Erureidoエルレイド,Blade Pokémon,1.6,52,165,95,68,65,115,110,psychic,fighting,4,0
476,Probopass,Dainoseダイノーズ,Compass Pokémon,1.4,340,55,145,60,75,150,40,rock,steel,4,0
477,Dusknoir,Yonoirヨノワール,Gripper Pokémon,2.2,106.6,100,135,45,65,135,45,ghost,,4,0
478,Froslass,Yukimenokoユキメノコ,Snow Land Pokémon,1.3,26.6,80,70,70,80,70,110,ice,ghost,4,0
479,Rotom,Rotomロトム,Plasma Pokémon,0.3,0.3,65,107,50,105,107,86,electric,ghost,4,0
480,Uxie,Yuxieユクシー,Knowledge Pokémon,0.3,0.3,75,130,75,75,130,95,psychic,,4,1
481,Mesprit,Emritエムリット,Emotion Pokémon,0.3,0.3,105,105,80,105,105,80,psychic,,4,1
482,Azelf,Agnomeアグノム,Willpower Pokémon,0.3,0.3,125,70,75,125,70,115,psychic,,4,1
483,Dialga,Dialgaディアルガ,Temporal Pokémon,5.4,683,120,120,100,150,100,90,steel,dragon,4,1
484,Palkia,Palkiaパルキア,Spatial Pokémon,4.2,336,120,100,90,150,120,100,water,dragon,4,1
485,Heatran,Heatranヒードラン,Lava Dome Pokémon,1.7,430,90,106,91,130,106,77,fire,steel,4,1
486,Regigigas,Regigigasレジギガス,Colossal Pokémon,3.7,420,160,110,110,80,110,100,normal,,4,1
487,Giratina,Giratina (another Forme)ギラティナ,Renegade Pokémon,4.5,750,120,100,150,120,100,90,ghost,dragon,4,1
488,Cresselia,Cresseliaクレセリア,Lunar Pokémon,1.5,85.6,70,120,120,75,130,85,psychic,,4,1
489,Phione,Phioneフィオネ,Sea Drifter Pokémon,0.4,3.1,80,80,80,80,80,80,water,,4,0
490,Manaphy,Manaphyマナフィ,Seafaring Pokémon,0.3,1.4,100,100,100,100,100,100,water,,4,1
491,Darkrai,Darkraiダークライ,Pitch-Black Pokémon,1.5,50.5,90,90,70,135,90,125,dark,,4,1
492,Shaymin,Shaymin (sky Forme)シェイミ,Gratitude Pokémon,0.2,2.1,103,75,100,120,75,127,grass,grass,4,1
493,Arceus,Arceusアルセウス,Alpha Pokémon,3.2,320,120,120,120,120,120,120,normal,,4,1
494,Victini,Victiniビクティニ,Victory Pokémon,0.4,4,100,100,100,100,100,100,psychic,fire,5,1
495,Snivy,Tsutarjaツタージャ,Grass Snake Pokémon,0.6,8.1,45,55,45,45,55,63,grass,,5,0
496,Servine,Janovyジャノビー,Grass Snake Pokémon,0.8,16,60,75,60,60,75,83,grass,,5,0
497,Serperior,Jalordaジャローダ,Regal Pokémon,3.3,63,75,95,75,75,95,113,grass,,5,0
498,Tepig,Pokabuポカブ,Fire Pig Pokémon,0.5,9.9,63,45,65,45,45,45,fire,,5,0
499,Pignite,Chaobooチャオブー,Fire Pig Pokémon,1,55.5,93,55,90,70,55,55,fire,fighting,5,0
500,Emboar,Enbuohエンブオー,Mega Fire Pig Pokémon,1.6,150,123,65,110,100,65,65,fire,fighting,5,0
501,Oshawott,Mijumaruミジュマル,Sea Otter Pokémon,0.5,5.9,55,45,55,63,45,45,water,,5,0
502,Dewott,Futachimaruフタチマル,Discipline Pokémon,0.8,24.5,75,60,75,83,60,60,water,,5,0
503,Samurott,Daikenkiダイケンキ,Formidable Pokémon,1.5,94.6,100,85,95,108,70,70,water,,5,0
504,Patrat,Minezumiミネズミ,Scout Pokémon,0.5,11.6,55,39,45,35,39,42,normal,,5,0
505,Watchog,Miruhogミルホッグ,Lookout Pokémon,1.1,27,85,69,60,60,69,77,normal,,5,0
506,Lillipup,Yorterrieヨーテリー,Puppy Pokémon,0.4,4.1,60,45,45,25,45,55,normal,,5,0
507,Herdier,Herderrieハーデリア,Loyal Dog Pokémon,0.9,14.7,80,65,65,35,65,60,normal,,5,0
508,Stoutland,Moolandムーランド,Big-Hearted Pokémon,1.2,61,110,90,85,45,90,80,normal,,5,0
509,Purrloin,Choronekoチョロネコ,Devious Pokémon,0.4,10.1,50,37,41,50,37,66,dark,,5,0
510,Liepard,Lepardasレパルダス,Cruel Pokémon,1.1,37.5,88,50,64,88,50,106,dark,,5,0
511,Pansage,Yanappuヤナップ,Grass Monkey Pokémon,0.6,10.5,53,48,50,53,48,64,grass,,5,0
512,Simisage,Yanakkieヤナッキー,Thorn Monkey Pokémon,1.1,30.5,98,63,75,98,63,101,grass,,5,0
513,Pansear,Baoppuバオップ,High Temp Pokémon,0.6,11,53,48,50,53,48,64,fire,,5,0
514,Simisear,Baokkieバオッキー,Ember Pokémon,1,28,98,63,75,98,63,101,fire,,5,0
515,Panpour,Hiyappuヒヤップ,Spray Pokémon,0.6,13.5,53,48,50,53,48,64,water,,5,0
516,Simipour,Hiyakkieヒヤッキー,Geyser Pokémon,1,29,98,63,75,98,63,101,water,,5,0
517,Munna,Munnaムンナ,Dream Eater Pokémon,0.6,23.3,25,45,76,67,55,24,psychic,,5,0
518,Musharna,Musharnaムシャーナ,Drowsing Pokémon,1.1,60.5,55,85,116,107,95,29,psychic,,5,0
519,Pidove,Mamepatoマメパト,Tiny Pigeon Pokémon,0.3,2.1,55,50,50,36,30,43,normal,flying,5,0
520,Tranquill,Hatobohハトーボー,Wild Pigeon Pokémon,0.6,15,77,62,62,50,42,65,normal,flying,5,0
521,Unfezant,Kenhallowケンホロウ,Proud Pokémon,1.2,29,115,80,80,65,55,93,normal,flying,5,0
522,Blitzle,Shimamaシママ,Electrified Pokémon,0.8,29.8,60,32,45,50,32,76,electric,,5,0
523,Zebstrika,Zebraikaゼブライカ,Thunderbolt Pokémon,1.6,79.5,100,63,75,80,63,116,electric,,5,0
524,Roggenrola,Dangoroダンゴロ,Mantle Pokémon,0.4,18,75,85,55,25,25,15,rock,,5,0
525,Boldore,Gantleガントル,Ore Pokémon,0.9,102,105,105,70,50,40,20,rock,,5,0
526,Gigalith,Gigaiathギガイアス,Compressed Pokémon,1.7,260,135,130,85,60,80,25,rock,,5,0
527,Woobat,Koromoriコロモリ,Bat Pokémon,0.4,2.1,45,43,65,55,43,72,psychic,flying,5,0
528,Swoobat,Kokoromoriココロモリ,Courting Pokémon,0.9,10.5,57,55,67,77,55,114,psychic,flying,5,0
529,Drilbur,Mogurewモグリュー,Mole Pokémon,0.3,8.5,85,40,60,30,45,68,ground,,5,0
530,Excadrill,Doryuzuドリュウズ,Subterrene Pokémon,0.7,40.4,135,60,110,50,65,88,ground,steel,5,0
531,Audino,Tabunneタブンネ,Hearing Pokémon,1.1,31,60,126,103,80,126,50,normal,,5,0
532,Timburr,Dokkorerドッコラー,Muscular Pokémon,0.6,12.5,80,55,75,25,35,35,fighting,,5,0
533,Gurdurr,Dotekkotsuドテッコツ,Muscular Pokémon,1.2,40,105,85,85,40,50,40,fighting,,5,0
534,Conkeldurr,Roubushinローブシン,Muscular Pokémon,1.4,87,140,95,105,55,65,45,fighting,,5,0
535,Tympole,Otamaroオタマロ,Tadpole Pokémon,0.5,4.5,50,40,50,50,40,64,water,,5,0
536,Palpitoad,Gamagaruガマガル,Vibration Pokémon,0.8,17,65,55,75,65,55,69,water,ground,5,0
537,Seismitoad,Gamagerogeガマゲロゲ,Vibration Pokémon,1.5,62,95,75,105,85,75,74,water,ground,5,0
538,Throh,Nagekiナゲキ,Judo Pokémon,1.3,55.5,100,85,120,30,85,45,fighting,,5,0
539,Sawk,Dagekiダゲキ,Karate Pokémon,1.4,51,125,75,75,30,75,85,fighting,,5,0
540,Sewaddle,Kurumiruクルミル,Sewing Pokémon,0.3,2.5,53,70,45,40,60,42,bug,grass,5,0
541,Swadloon,Kurumayuクルマユ,Leaf-Wrapped Pokémon,0.5,7.3,63,90,55,50,80,42,bug,grass,5,0
542,Leavanny,Hahakomoriハハコモリ,Nurturing Pokémon,1.2,20.5,103,80,75,70,80,92,bug,grass,5,0
543,Venipede,Fushideフシデ,Centipede Pokémon,0.4,5.3,45,59,30,30,39,57,bug,poison,5,0
544,Whirlipede,Wheegaホイーガ,Curlipede Pokémon,1.2,58.5,55,99,40,40,79,47,bug,poison,5,0
545,Scolipede,Pendrorペンドラー,Megapede Pokémon,2.5,200.5,100,89,60,55,69,112,bug,poison,5,0
546,Cottonee,Monmenモンメン,Cotton Puff Pokémon,0.3,0.6,27,60,40,37,50,66,grass,fairy,5,0
547,Whimsicott,Elfuunエルフーン,Windveiled Pokémon,0.7,6.6,67,85,60,77,75,116,grass,fairy,5,0
548,Petilil,Churineチュリネ,Bulb Pokémon,0.5,6.6,35,50,45,70,50,30,grass,,5,0
549,Lilligant,Dredearドレディア,Flowering Pokémon,1.1,16.3,60,75,70,110,75,90,grass,,5,0
550,Basculin,Bassraoバスラオ,Hostile Pokémon,1,18,92,65,70,80,55,98,water,,5,0
551,Sandile,Megurocoメグロコ,Desert Croc Pokémon,0.7,15.2,72,35,50,35,35,65,ground,dark,5,0
552,Krokorok,Waruvileワルビル,Desert Croc Pokémon,1,33.4,82,45,60,45,45,74,ground,dark,5,0
553,Krookodile,Waruvialワルビアル,Intimidation Pokémon,1.5,96.3,117,80,95,65,70,92,ground,dark,5,0
554,Darumaka,Darumakkaダルマッカ,Zen Charm Pokémon,0.6,37.5,90,45,70,15,45,50,fire,,5,0
555,Darmanitan,Hihidarumaヒヒダルマ,Blazing Pokémon,1.3,92.9,30,105,105,140,105,55,fire,fire,5,0
556,Maractus,Maracacchiマラカッチ,Cactus Pokémon,1,28,86,67,75,106,67,60,grass,,5,0
557,Dwebble,Ishizumaiイシズマイ,Rock Inn Pokémon,0.3,14.5,65,85,50,35,35,55,bug,rock,5,0
558,Crustle,Iwapalaceイワパレス,Stone Home Pokémon,1.4,200,105,125,70,65,75,45,bug,rock,5,0
559,Scraggy,Zurugguズルッグ,Shedding Pokémon,0.6,11.8,75,70,50,35,70,48,dark,fighting,5,0
560,Scrafty,Zuruzukinズルズキン,Hoodlum Pokémon,1.1,30,90,115,65,45,115,58,dark,fighting,5,0
561,Sigilyph,Symbolerシンボラー,Avianoid Pokémon,1.4,14,58,80,72,103,80,97,psychic,flying,5,0
562,Yamask,Desumasuデスマス,Spirit Pokémon,0.5,1.5,30,85,38,55,65,30,ghost,,5,0
563,Cofagrigus,Desukarnデスカーン,Coffin Pokémon,1.7,76.5,50,145,58,95,105,30,ghost,,5,0
564,Tirtouga,Protogaプロトーガ,Prototurtle Pokémon,0.7,16.5,78,103,54,53,45,22,water,rock,5,0
565,Carracosta,Abagouraアバゴーラ,Prototurtle Pokémon,1.2,81,108,133,74,83,65,32,water,rock,5,0
566,Archen,Archenアーケン,First Bird Pokémon,0.5,9.5,112,45,55,74,45,70,rock,flying,5,0
567,Archeops,Archeosアーケオス,First Bird Pokémon,1.4,32,140,65,75,112,65,110,rock,flying,5,0
568,Trubbish,Yabukuronヤブクロン,Trash Bag Pokémon,0.6,31,50,62,50,40,62,65,poison,,5,0
569,Garbodor,Dustdasダストダス,Trash Heap Pokémon,1.9,107.3,95,82,80,60,82,75,poison,,5,0
570,Zorua,Zoruaゾロア,Tricky Fox Pokémon,0.7,12.5,65,40,40,80,40,65,dark,,5,0
571,Zoroark,Zoroarkゾロアーク,Illusion Fox Pokémon,1.6,81.1,105,60,60,120,60,105,dark,,5,0
572,Minccino,Chillarmyチラーミィ,Chinchilla Pokémon,0.4,5.8,50,40,55,40,40,75,normal,,5,0
573,Cinccino,Chillaccinoチラチーノ,Scarf Pokémon,0.5,7.5,95,60,75,65,60,115,normal,,5,0
574,Gothita,Gothimuゴチム,Fixation Pokémon,0.4,5.8,30,50,45,55,65,45,psychic,,5,0
575,Gothorita,Gothimiruゴチミル,Manipulate Pokémon,0.7,18,45,70,60,75,85,55,psychic,,5,0
576,Gothitelle,Gothiruselleゴチルゼル,Astral Body Pokémon,1.5,44,55,95,70,95,110,65,psychic,,5,0
577,Solosis,Uniranユニラン,Cell Pokémon,0.3,1,30,40,45,105,50,20,psychic,,5,0
578,Duosion,Doublanダブラン,Mitosis Pokémon,0.6,8,40,50,65,125,60,30,psychic,,5,0
579,Reuniclus,Lanculusランクルス,Multiplying Pokémon,1,20.1,65,75,110,125,85,30,psychic,,5,0
580,Ducklett,Koaruhieコアルヒー,Water Bird Pokémon,0.5,5.5,44,50,62,44,50,55,water,flying,5,0
581,Swanna,Swannaスワンナ,White Bird Pokémon,1.3,24.2,87,63,75,87,63,98,water,flying,5,0
582,Vanillite,Vanipetiバニプッチ,Fresh Snow Pokémon,0.4,5.7,50,50,36,65,60,44,ice,,5,0
583,Vanillish,Vanirichバニリッチ,Icy Snow Pokémon,1.1,41,65,65,51,80,75,59,ice,,5,0
584,Vanilluxe,Baivanillaバイバニラ,Snowstorm Pokémon,1.3,57.5,95,85,71,110,95,79,ice,,5,0
585,Deerling,Shikijikaシキジカ,Season Pokémon,0.6,19.5,60,50,60,40,50,75,normal,grass,5,0
586,Sawsbuck,Mebukijikaメブキジカ,Season Pokémon,1.9,92.5,100,70,80,60,70,95,normal,grass,5,0
587,Emolga,Emongaエモンガ,Sky Squirrel Pokémon,0.4,5,75,60,55,75,60,103,electric,flying,5,0
588,Karrablast,Kaburumoカブルモ,Clamping Pokémon,0.5,5.9,75,45,50,40,45,60,bug,,5,0
589,Escavalier,Chevargoシュバルゴ,Cavalry Pokémon,1,33,135,105,70,60,105,20,bug,steel,5,0
590,Foongus,Tamagetakeタマゲタケ,Mushroom Pokémon,0.2,1,55,45,69,55,55,15,grass,poison,5,0
591,Amoonguss,Morobareruモロバレル,Mushroom Pokémon,0.6,10.5,85,70,114,85,80,30,grass,poison,5,0
592,Frillish,Pururillプルリル,Floating Pokémon,1.2,33,40,50,55,65,85,40,water,ghost,5,0
593,Jellicent,Burungelブルンゲル,Floating Pokémon,2.2,135,60,70,100,85,105,60,water,ghost,5,0
594,Alomomola,Mamanbouママンボウ,Caring Pokémon,1.2,31.6,75,80,165,40,45,65,water,,5,0
595,Joltik,Bachuruバチュル,Attaching Pokémon,0.1,0.6,47,50,50,57,50,65,bug,electric,5,0
596,Galvantula,Dentulaデンチュラ,EleSpider Pokémon,0.8,14.3,77,60,70,97,60,108,bug,electric,5,0
597,Ferroseed,Tesseedテッシード,Thorn Seed Pokémon,0.6,18.8,50,91,44,24,86,10,grass,steel,5,0
598,Ferrothorn,Nutreyナットレイ,Thorn Pod Pokémon,1,110,94,131,74,54,116,20,grass,steel,5,0
599,Klink,Giaruギアル,Gear Pokémon,0.3,21,55,70,40,45,60,30,steel,,5,0
600,Klang,Gigiaruギギアル,Gear Pokémon,0.6,51,80,95,60,70,85,50,steel,,5,0
601,Klinklang,Gigigiaruギギギアル,Gear Pokémon,0.6,81,100,115,60,70,85,90,steel,,5,0
602,Tynamo,Shibishirasuシビシラス,EleFish Pokémon,0.2,0.3,55,40,35,45,40,60,electric,,5,0
603,Eelektrik,Shibibeelシビビール,EleFish Pokémon,1.2,22,85,70,65,75,70,40,electric,,5,0
604,Eelektross,Shibirudonシビルドン,EleFish Pokémon,2.1,80.5,115,80,85,105,80,50,electric,,5,0
605,Elgyem,Ligrayリグレー,Cerebral Pokémon,0.5,9,55,55,55,85,55,30,psychic,,5,0
606,Beheeyem,Ohbemオーベム,Cerebral Pokémon,1,34.5,75,75,75,125,95,40,psychic,,5,0
607,Litwick,Hitomoshiヒトモシ,Candle Pokémon,0.3,3.1,30,55,50,65,55,20,ghost,fire,5,0
608,Lampent,Lamplerランプラー,Lamp Pokémon,0.6,13,40,60,60,95,60,55,ghost,fire,5,0
609,Chandelure,Chandelaシャンデラ,Luring Pokémon,1,34.3,55,90,60,145,90,80,ghost,fire,5,0
610,Axew,Kibagoキバゴ,Tusk Pokémon,0.6,18,87,60,46,30,40,57,dragon,,5,0
611,Fraxure,Onondoオノンド,Axe Jaw Pokémon,1,36,117,70,66,40,50,67,dragon,,5,0
612,Haxorus,Ononokusオノノクス,Axe Jaw Pokémon,1.8,105.5,147,90,76,60,70,97,dragon,,5,0
613,Cubchoo,Kumasyunクマシュン,Chill Pokémon,0.5,8.5,70,40,55,60,40,40,ice,,5,0
614,Beartic,Tunbearツンベアー,Freezing Pokémon,2.6,260,130,80,95,70,80,50,ice,,5,0
615,Cryogonal,Freegeoフリージオ,Crystallizing Pokémon,1.1,148,50,50,80,95,135,105,ice,,5,0
616,Shelmet,Chobomakiチョボマキ,Snail Pokémon,0.4,7.7,40,85,50,40,65,25,bug,,5,0
617,Accelgor,Agilderアギルダー,Shell Out Pokémon,0.8,25.3,70,40,80,100,60,145,bug,,5,0
618,Stunfisk,Maggyoマッギョ,Trap Pokémon,0.7,11,66,84,109,81,99,32,ground,electric,5,0
619,Mienfoo,Kojofuコジョフー,Martial Arts Pokémon,0.9,20,85,50,45,55,50,65,fighting,,5,0
620,Mienshao,Kojondoコジョンド,Martial Arts Pokémon,1.4,35.5,125,60,65,95,60,105,fighting,,5,0
621,Druddigon,Crimganクリムガン,Cave Pokémon,1.6,139,120,90,77,60,90,48,dragon,,5,0
622,Golett,Gobitゴビット,Automaton Pokémon,1,92,74,50,59,35,50,35,ground,ghost,5,0
623,Golurk,Goloogゴルーグ,Automaton Pokémon,2.8,330,124,80,89,55,80,55,ground,ghost,5,0
624,Pawniard,Komatanaコマタナ,Sharp Blade Pokémon,0.5,10.2,85,70,45,40,40,60,dark,steel,5,0
625,Bisharp,Kirikizanキリキザン,Sword Blade Pokémon,1.6,70,125,100,65,60,70,70,dark,steel,5,0
626,Bouffalant,Buffronバッフロン,Bash Buffalo Pokémon,1.6,94.6,110,95,95,40,95,55,normal,,5,0
627,Rufflet,Washibonワシボン,Eaglet Pokémon,0.5,10.5,83,50,70,37,50,60,normal,flying,5,0
628,Braviary,Warrgleウォーグル,Valiant Pokémon,1.5,41,123,75,100,57,75,80,normal,flying,5,0
629,Vullaby,Valchaiバルチャイ,Diapered Pokémon,0.5,9,55,75,70,45,65,60,dark,flying,5,0
630,Mandibuzz,Vulginaバルジーナ,Bone Vulture Pokémon,1.2,39.5,65,105,110,55,95,80,dark,flying,5,0
631,Heatmor,Kuitaranクイタラン,Anteater Pokémon,1.4,58,97,66,85,105,66,65,fire,,5,0
632,Durant,Aiantアイアント,Iron Ant Pokémon,0.3,33,109,112,58,48,48,109,bug,steel,5,0
633,Deino,Monozuモノズ,Irate Pokémon,0.8,17.3,65,50,52,45,50,38,dark,dragon,5,0
634,Zweilous,Diheadジヘッド,Hostile Pokémon,1.4,50,85,70,72,65,70,58,dark,dragon,5,0
635,Hydreigon,Sazandoraサザンドラ,Brutal Pokémon,1.8,160,105,90,92,125,90,98,dark,dragon,5,0
636,Larvesta,Merlarvaメラルバ,Torch Pokémon,1.1,28.8,85,55,55,50,55,60,bug,fire,5,0
637,Volcarona,Ulgamothウルガモス,Sun Pokémon,1.6,46,60,65,85,135,105,100,bug,fire,5,0
638,Cobalion,Cobalonコバルオン,Iron Will Pokémon,2.1,250,90,129,91,90,72,108,steel,fighting,5,1
639,Terrakion,Terrakionテラキオン,Cavern Pokémon,1.9,260,129,90,91,72,90,108,rock,fighting,5,1
640,Virizion,Virizionビリジオン,Grassland Pokémon,2,200,90,72,91,90,129,108,grass,fighting,5,1
641,Tornadus,Tornelos (keshin Forme)トルネロス,Cyclone Pokémon,1.5,63,100,80,79,110,90,121,flying,,5,1
642,Thundurus,Voltolos (keshin Forme)ボルトロス,Bolt Strike Pokémon,1.5,61,105,70,79,145,80,101,electric,flying,5,1
643,Reshiram,Reshiramレシラム,Vast White Pokémon,3.2,330,120,100,100,150,120,90,dragon,fire,5,1
644,Zekrom,Zekromゼクロム,Deep Black Pokémon,2.9,345,150,120,100,120,100,90,dragon,electric,5,1
645,Landorus,Landlos (keshin Forme)ランドロス,Abundance Pokémon,1.5,68,145,90,89,105,80,91,ground,flying,5,1
646,Kyurem,Kyuremキュレム,Boundary Pokémon,3,325,120,90,125,170,100,95,dragon,ice,5,1
647,Keldeo,Keldeo (itsumo No Sugata)ケルディオ,Colt Pokémon,1.4,48.5,72,90,91,129,90,108,water,fighting,5,1
648,Meloetta,Meloetta (step Forme)メロエッタ,Melody Pokémon,0.6,6.5,128,90,100,77,77,128,normal,psychic,5,1
649,Genesect,Genesectゲノセクト,Paleozoic Pokémon,1.5,82.5,120,95,71,120,95,99,bug,steel,5,1
650,Chespin,Harimaronハリマロン,Spiky Nut Pokémon,0.4,9,61,65,56,48,45,38,grass,,6,0
651,Quilladin,Hariborgハリボーグ,Spiny Armor Pokémon,0.7,29,78,95,61,56,58,57,grass,,6,0
652,Chesnaught,Brigarronブリガロン,Spiny Armor Pokémon,1.6,90,107,122,88,74,75,64,grass,fighting,6,0
653,Fennekin,Fokkoフォッコ,Fox Pokémon,0.4,9.4,45,40,40,62,60,60,fire,,6,0
654,Braixen,Tairenarテールナー,Fox Pokémon,1,14.5,59,58,59,90,70,73,fire,,6,0
655,Delphox,Mahoxyマフォクシー,Fox Pokémon,1.5,39,69,72,75,114,100,104,fire,psychic,6,0
656,Froakie,Keromatsuケロマツ,Bubble Frog Pokémon,0.3,7,56,40,41,62,44,71,water,,6,0
657,Frogadier,Gekogashiraゲコガシラ,Bubble Frog Pokémon,0.6,10.9,63,52,54,83,56,97,water,,6,0
658,Greninja,Gekkougaゲッコウガ,Ninja Pokémon,1.5,40,145,67,72,153,71,132,water,dark,6,0
659,Bunnelby,Horubeeホルビー,Digging Pokémon,0.4,5,36,38,38,32,36,57,normal,,6,0
660,Diggersby,Horudoホルード,Digging Pokémon,1,42.4,56,77,85,50,77,78,normal,ground,6,0
661,Fletchling,Yayakomaヤヤコマ,Tiny Robin Pokémon,0.3,1.7,50,43,45,40,38,62,normal,flying,6,0
662,Fletchinder,Hinoyakomaヒノヤコマ,Ember Pokémon,0.7,16,73,55,62,56,52,84,fire,flying,6,0
663,Talonflame,Fiarrowファイアロー,Scorching Pokémon,1.2,24.5,81,71,78,74,69,126,fire,flying,6,0
664,Scatterbug,Kofukimushiコフキムシ,Scatterdust Pokémon,0.3,2.5,35,40,38,27,25,35,bug,,6,0
665,Spewpa,Kofuuraiコフーライ,Scatterdust Pokémon,0.3,8.4,22,60,45,27,30,29,bug,,6,0
666,Vivillon,Viviyonビビヨン,Scale Pokémon,1.2,17,52,50,80,90,50,89,bug,flying,6,0
667,Litleo,Shishikoシシコ,Lion Cub Pokémon,0.6,13.5,50,58,62,73,54,72,fire,normal,6,0
668,Pyroar,Kaenjishiカエンジシ,Royal Pokémon,1.5,81.5,68,72,86,109,66,106,fire,normal,6,0
669,Flabébé,Flabebeフラベベ,Single Bloom Pokémon,0.1,0.1,38,39,44,61,79,42,fairy,,6,0
670,Floette,Floetteフラエッテ,Fairy Pokémon,0.2,0.9,65,67,74,125,128,92,fairy,,6,0
671,Florges,Florgesフラージェス,Garden Pokémon,1.1,10,65,68,78,112,154,75,fairy,,6,0
672,Skiddo,Meecleメェークル,Mount Pokémon,0.9,31,65,48,66,62,57,52,grass,,6,0
673,Gogoat,Gogoatゴーゴート,Mount Pokémon,1.7,91,100,62,123,97,81,68,grass,,6,0
674,Pancham,Yanchamヤンチャム,Playful Pokémon,0.6,8,82,62,67,46,48,43,fighting,,6,0
675,Pangoro,Gorondaゴロンダ,Daunting Pokémon,2.1,136,124,78,95,69,71,58,fighting,dark,6,0
676,Furfrou,Trimmienトリミアン,Poodle Pokémon,1.2,28,80,60,75,65,90,102,normal,,6,0
677,Espurr,Nyasperニャスパー,Restraint Pokémon,0.3,3.5,48,54,62,63,60,68,psychic,,6,0
678,Meowstic,Nyaonixニャオニクス,Constraint Pokémon,0.6,8.5,48,76,74,83,81,104,psychic,,6,0
679,Honedge,Hitotsukiヒトツキ,Sword Pokémon,0.8,2,80,100,45,35,37,28,steel,ghost,6,0
680,Doublade,Nidangillニダンギル,Sword Pokémon,0.8,4.5,110,150,59,45,49,35,steel,ghost,6,0
681,Aegislash,Gillgardギルガルド,Royal Sword Pokémon,1.7,53,150,50,60,150,50,60,steel,ghost,6,0
682,Spritzee,Shushupuシュシュプ,Perfume Pokémon,0.2,0.5,52,60,78,63,65,23,fairy,,6,0
683,Aromatisse,Frefuwanフレフワン,Fragrance Pokémon,0.8,15.5,72,72,101,99,89,29,fairy,,6,0
684,Swirlix,Peroppafuペロッパフ,Cotton Candy Pokémon,0.4,3.5,48,66,62,59,57,49,fairy,,6,0
685,Slurpuff,Peroreamペロリーム,Meringue Pokémon,0.8,5,80,86,82,85,75,72,fairy,,6,0
686,Inkay,Maaiikaマーイーカ,Revolving Pokémon,0.4,3.5,54,53,53,37,46,45,dark,psychic,6,0
687,Malamar,Calamaneroカラマネロ,Overturning Pokémon,1.5,47,92,88,86,68,75,73,dark,psychic,6,0
688,Binacle,Kameteteカメテテ,Two-Handed Pokémon,0.5,31,52,67,42,39,56,50,rock,water,6,0
689,Barbaracle,Gamenodesガメノデス,Collective Pokémon,1.3,96,105,115,72,54,86,68,rock,water,6,0
690,Skrelp,Kuzumoクズモー,Mock Kelp Pokémon,0.5,7.3,60,60,50,60,60,30,poison,water,6,0
691,Dragalge,Dramidoroドラミドロ,Mock Kelp Pokémon,1.8,81.5,75,90,65,97,123,44,poison,dragon,6,0
692,Clauncher,Udeppouウデッポウ,Water Gun Pokémon,0.5,8.3,53,62,50,58,63,44,water,,6,0
693,Clawitzer,Blosterブロスター,Howitzer Pokémon,1.3,35.3,73,88,71,120,89,59,water,,6,0
694,Helioptile,Erikiteruエリキテル,Generator Pokémon,0.5,6,38,33,44,61,43,70,electric,normal,6,0
695,Heliolisk,Elezardエレザード,Generator Pokémon,1,21,55,52,62,109,94,109,electric,normal,6,0
696,Tyrunt,Chigorasチゴラス,Royal Heir Pokémon,0.8,26,89,77,58,45,45,48,rock,dragon,6,0
697,Tyrantrum,Gachigorasガチゴラス,Despot Pokémon,2.5,270,121,119,82,69,59,71,rock,dragon,6,0
698,Amaura,Amarusアマルス,Tundra Pokémon,1.3,25.2,59,50,77,67,63,46,rock,ice,6,0
699,Aurorus,Amarurugaアマルルガ,Tundra Pokémon,2.7,225,77,72,123,99,92,58,rock,ice,6,0
700,Sylveon,Nymphiaニンフィア,Intertwining Pokémon,1,23.5,65,65,95,110,130,60,fairy,,6,0
701,Hawlucha,Luchabullルチャブル,Wrestling Pokémon,0.8,21.5,92,75,78,74,63,118,fighting,flying,6,0
702,Dedenne,Dedenneデデンネ,Antenna Pokémon,0.2,2.2,58,57,67,81,67,101,electric,fairy,6,0
703,Carbink,Melecieメレシー,Jewel Pokémon,0.3,5.7,50,150,50,50,150,50,rock,fairy,6,0
704,Goomy,Numeraヌメラ,Soft Tissue Pokémon,0.3,2.8,50,35,45,55,75,40,dragon,,6,0
705,Sliggoo,Numeilヌメイル,Soft Tissue Pokémon,0.8,17.5,75,53,68,83,113,60,dragon,,6,0
706,Goodra,Numelgonヌメルゴン,Dragon Pokémon,2,150.5,100,70,90,110,150,80,dragon,,6,0
707,Klefki,Cleffyクレッフィ,Key Ring Pokémon,0.2,3,80,91,57,80,87,75,steel,fairy,6,0
708,Phantump,Bokureiボクレー,Stump Pokémon,0.4,7,70,48,43,50,60,38,ghost,grass,6,0
709,Trevenant,Ohrotオーロット,Elder Tree Pokémon,1.5,71,110,76,85,65,82,56,ghost,grass,6,0
710,Pumpkaboo,Bakecchaバケッチャ,Pumpkin Pokémon,0.8,15,66,70,59,44,55,41,ghost,grass,6,0
711,Gourgeist,Pumpjinパンプジン,Pumpkin Pokémon,1.7,39,100,122,85,58,75,54,ghost,grass,6,0
712,Bergmite,Kachikohruカチコール,Ice Chunk Pokémon,1,99.5,69,85,55,32,35,28,ice,,6,0
713,Avalugg,Crebaseクレベース,Iceberg Pokémon,2,505,117,184,95,44,46,28,ice,,6,0
714,Noibat,Onbatオンバット,Sound Wave Pokémon,0.5,8,30,35,40,45,40,55,flying,dragon,6,0
715,Noivern,Onvernオンバーン,Sound Wave Pokémon,1.5,85,70,80,85,97,80,123,flying,dragon,6,0
716,Xerneas,Xerneasゼルネアス,Life Pokémon,3,215,131,95,126,131,98,99,fairy,,6,1
717,Yveltal,Yveltalイベルタル,Destruction Pokémon,5.8,203,131,95,126,131,98,99,dark,flying,6,1
718,Zygarde,Zygarde (10% Forme)ジガルデ,Order Pokémon,5,284.6,100,121,216,91,95,85,dragon,ground,6,1
719,Diancie,Diancieディアンシー,Jewel Pokémon,0.7,8.8,160,110,50,160,110,110,rock,fairy,6,1
720,Hoopa,Hoopa (imashimerareshi Hoopa)フーパ,Mischief Pokémon (Confined)Djinn Pokémonn (Unbound),,,160,60,80,170,130,80,psychic,ghost,6,1
721,Volcanion,Volcanionボルケニオン,Steam Pokémon,1.7,195,110,120,80,130,90,70,fire,water,6,1
722,Rowlet,Mokurohモクロー,Grass Quill Pokémon,0.3,1.5,55,55,68,50,50,42,grass,flying,7,0
723,Dartrix,Fukuthrowフクスロー,Blade Quill Pokémon,0.7,16,75,75,78,70,70,52,grass,flying,7,0
724,Decidueye,Junaiperジュナイパー,Arrow Quill Pokémon,1.6,36.6,107,75,78,100,100,70,grass,ghost,7,0
725,Litten,Nyabbyニャビー,Fire Cat Pokémon,0.4,4.3,65,40,45,60,40,70,fire,,7,0
726,Torracat,Nyaheatニャヒート,Fire Cat Pokémon,0.7,25,85,50,65,80,50,90,fire,,7,0
727,Incineroar,Gaogaenガオガエン,Heel Pokémon,1.8,83,115,90,95,80,90,60,fire,dark,7,0
728,Popplio,Ashimariアシマリ,Sea Lion Pokémon,0.4,7.5,54,54,50,66,56,40,water,,7,0
729,Brionne,Osyamariオシャマリ,Pop Star Pokémon,0.6,17.5,69,69,60,91,81,50,water,,7,0
730,Primarina,Ashireneアシレーヌ,Soloist Pokémon,1.8,44,74,74,80,126,116,60,water,fairy,7,0
731,Pikipek,Tsutsukeraツツケラ,Woodpecker Pokémon,0.3,1.2,75,30,35,30,30,65,normal,flying,7,0
732,Trumbeak,Kerarappaケララッパ,Bugle Beak Pokémon,0.6,14.8,85,50,55,40,50,75,normal,flying,7,0
733,Toucannon,Dodekabashiドデカバシ,Cannon Pokémon,1.1,26,120,75,80,75,75,60,normal,flying,7,0
734,Yungoos,Youngooseヤングース,Loitering Pokémon,0.4,6,70,30,48,30,30,45,normal,,7,0
735,Gumshoos,Dekagooseデカグース,Stakeout Pokémon,0.7,14.2,110,60,88,55,60,45,normal,,7,0
736,Grubbin,Agojimushiアゴジムシ,Larva Pokémon,0.4,4.4,62,45,47,55,45,46,bug,,7,0
737,Charjabug,Dendimushiデンヂムシ,Battery Pokémon,0.5,10.5,82,95,57,55,75,36,bug,electric,7,0
738,Vikavolt,Kuwagannonクワガノン,Stag Beetle Pokémon,1.5,45,70,90,77,145,75,43,bug,electric,7,0
739,Crabrawler,Makenkaniマケンカニ,Boxing Pokémon,0.6,7,82,57,47,42,47,63,fighting,,7,0
740,Crabominable,Kekenkaniケケンカニ,Woolly Crab Pokémon,1.7,180,132,77,97,62,67,43,fighting,ice,7,0
741,Oricorio,Odoridori (pachipachi Style)オドリドリ,Dancing Pokémon,0.6,3.4,70,70,75,98,70,93,fire,flying,7,0
742,Cutiefly,Abulyアブリー,Bee Fly Pokémon,0.1,0.2,45,40,40,55,40,84,bug,fairy,7,0
743,Ribombee,Aburibbonアブリボン,Bee Fly Pokémon,0.2,0.5,55,60,60,95,70,124,bug,fairy,7,0
744,Rockruff,Iwankoイワンコ,Puppy Pokémon,0.5,9.2,65,40,45,30,40,60,rock,,7,0
745,Lycanroc,Lugarugan (mahiru No Sugata)ルガルガン,Wolf Pokémon,,,115,75,85,55,75,82,rock,,7,0
746,Wishiwashi,Yowashi (tandoku No Sugata)ヨワシ,Small Fry Pokémon,0.2,0.3,140,130,45,140,135,30,water,,7,0
747,Mareanie,Hidoideヒドイデ,Brutal Star Pokémon,0.4,8,53,62,50,43,52,45,poison,water,7,0
748,Toxapex,Dohidoideドヒドイデ,Brutal Star Pokémon,0.7,14.5,63,152,50,53,142,35,poison,water,7,0
749,Mudbray,Dorobankoドロバンコ,Donkey Pokémon,1,110,100,70,70,45,55,45,ground,,7,0
750,Mudsdale,Banbadoroバンバドロ,Draft Horse Pokémon,2.5,920,125,100,100,55,85,35,ground,,7,0
751,Dewpider,Shizukumoシズクモ,Water Bubble Pokémon,0.3,4,40,52,38,40,72,27,water,bug,7,0
752,Araquanid,Onishizukumoオニシズクモ,Water Bubble Pokémon,1.8,82,70,92,68,50,132,42,water,bug,7,0
753,Fomantis,Karikiriカリキリ,Sickle Grass Pokémon,0.3,1.5,55,35,40,50,35,35,grass,,7,0
754,Lurantis,Lalantesラランテス,Bloom Sickle Pokémon,0.9,18.5,105,90,70,80,90,45,grass,,7,0
755,Morelull,Nemasyuネマシュ,Illuminating Pokémon,0.2,1.5,35,55,40,65,75,15,grass,fairy,7,0
756,Shiinotic,Mashadeマシェード,Illuminating Pokémon,1,11.5,45,80,60,90,100,30,grass,fairy,7,0
757,Salandit,Yatoumoriヤトウモリ,Toxic Lizard Pokémon,0.6,4.8,44,40,48,71,40,77,poison,fire,7,0
758,Salazzle,Ennewtエンニュート,Toxic Lizard Pokémon,1.2,22.2,64,60,68,111,60,117,poison,fire,7,0
759,Stufful,Nuikogumaヌイコグマ,Flailing Pokémon,0.5,6.8,75,50,70,45,50,50,normal,fighting,7,0
760,Bewear,Kiterugumaキテルグマ,Strong Arm Pokémon,2.1,135,125,80,120,55,60,60,normal,fighting,7,0
761,Bounsweet,Amakajiアマカジ,Fruit Pokémon,0.3,3.2,30,38,42,30,38,32,grass,,7,0
762,Steenee,Amamaikoアママイコ,Fruit Pokémon,0.7,8.2,40,48,52,40,48,62,grass,,7,0
763,Tsareena,Amajoアマージョ,Fruit Pokémon,1.2,21.4,120,98,72,50,98,72,grass,,7,0
764,Comfey,Cuwawaキュワワー,Posy Picker Pokémon,0.1,0.3,52,90,51,82,110,100,fairy,,7,0
765,Oranguru,Yareyuutanヤレユータン,Sage Pokémon,1.5,76,60,80,90,90,110,60,normal,psychic,7,0
766,Passimian,Nagetukesaruナゲツケサル,Teamwork Pokémon,2,82.8,120,90,100,40,60,80,fighting,,7,0
767,Wimpod,Kosokumushiコソクムシ,Turn Tail Pokémon,0.5,12,35,40,25,20,30,80,bug,water,7,0
768,Golisopod,Gusokumushaグソクムシャ,Hard Scale Pokémon,2,108,125,140,75,60,90,40,bug,water,7,0
769,Sandygast,Sunabaスナバァ,Sand Heap Pokémon,0.5,70,55,80,55,70,45,15,ghost,ground,7,0
770,Palossand,Sirodethnaシロデスナ,Sand Castle Pokémon,1.3,250,75,110,85,100,75,35,ghost,ground,7,0
771,Pyukumuku,Namakobushiナマコブシ,Sea Cucumber Pokémon,0.3,1.2,60,130,55,30,130,5,water,,7,0
772,Type: Null,Type: Nullタイプ：ヌル,Synthetic Pokémon,1.9,120.5,95,95,95,95,95,59,normal,,7,0
773,Silvally,Silvadyシルヴァディ,Synthetic Pokémon,2.3,100.5,95,95,95,95,95,95,normal,,7,0
774,Minior,Metenoメテノ,Meteor Pokémon,0.3,40,100,60,60,100,60,120,rock,flying,7,0
775,Komala,Nekkoaraネッコアラ,Drowsing Pokémon,0.4,19.9,115,65,65,75,95,65,normal,,7,0
776,Turtonator,Bakugamesバクガメス,Blast Turtle Pokémon,2,212,78,135,60,91,85,36,fire,dragon,7,0
777,Togedemaru,Togedemaruトゲデマル,Roly-Poly Pokémon,0.3,3.3,98,63,65,40,73,96,electric,steel,7,0
778,Mimikyu,Mimikkyuミミッキュ,Disguise Pokémon,0.2,0.7,90,80,55,50,105,96,ghost,fairy,7,0
779,Bruxish,Hagigishiriハギギシリ,Gnash Teeth Pokémon,0.9,19,105,70,68,70,70,92,water,psychic,7,0
780,Drampa,Jijilongジジーロン,Placid Pokémon,3,185,60,85,78,135,91,36,normal,dragon,7,0
781,Dhelmise,Dadarinダダリン,Sea Creeper Pokémon,3.9,210,131,100,70,86,90,40,ghost,grass,7,0
782,Jangmo-o,Jyarakoジャラコ,Scaly Pokémon,0.6,29.7,55,65,45,45,45,45,dragon,,7,0
783,Hakamo-o,Jyarangoジャランゴ,Scaly Pokémon,1.2,47,75,90,55,65,70,65,dragon,fighting,7,0
784,Kommo-o,Jyararangaジャラランガ,Scaly Pokémon,1.6,78.2,110,125,75,100,105,85,dragon,fighting,7,0
785,Tapu Koko,Kapu-kokekoカプ・コケコ,Land Spirit Pokémon,1.8,20.5,115,85,70,95,75,130,electric,fairy,7,1
786,Tapu Lele,Kapu-tetefuカプ・テテフ,Land Spirit Pokémon,1.2,18.6,85,75,70,130,115,95,psychic,fairy,7,1
787,Tapu Bulu,Kapu-bululカプ・ブルル,Land Spirit Pokémon,1.9,45.5,130,115,70,85,95,75,grass,fairy,7,1
788,Tapu Fini,Kapu-rehireカプ・レヒレ,Land Spirit Pokémon,1.3,21.2,75,115,70,95,130,85,water,fairy,7,1
789,Cosmog,Cosmogコスモッグ,Nebula Pokémon,0.2,0.1,29,31,43,29,31,37,psychic,,7,1
790,Cosmoem,Cosmovumコスモウム,Protostar Pokémon,0.1,999.9,29,131,43,29,131,37,psychic,,7,1
791,Solgaleo,Solgaleoソルガレオ,Sunne Pokémon,3.4,230,137,107,137,113,89,97,psychic,steel,7,1
792,Lunala,Lunalaルナアーラ,Moone Pokémon,4,120,113,89,137,137,107,97,psychic,ghost,7,1
793,Nihilego,Uturoidウツロイド,Parasite Pokémon,1.2,55.5,53,47,109,127,131,103,rock,poison,7,1
794,Buzzwole,Massivoonマッシブーン,Swollen Pokémon,2.4,333.6,139,139,107,53,53,79,bug,fighting,7,1
795,Pheromosa,Pheroacheフェローチェ,Lissome Pokémon,1.8,25,137,37,71,137,37,151,bug,fighting,7,1
796,Xurkitree,Denjyumokuデンジュモク,Glowing Pokémon,3.8,100,89,71,83,173,71,83,electric,,7,1
797,Celesteela,Tekkaguyaテッカグヤ,Launch Pokémon,9.2,999.9,101,103,97,107,101,61,steel,flying,7,1
798,Kartana,Kamiturugiカミツルギ,Drawn Sword Pokémon,0.3,0.1,181,131,59,59,31,109,grass,steel,7,1
799,Guzzlord,Akuzikingアクジキング,Junkivore Pokémon,5.5,888,101,53,223,97,53,43,dark,dragon,7,1
800,Necrozma,Necrozmaネクロズマ,Prism Pokémon,2.4,230,107,101,97,127,89,79,psychic,,7,1
801,Magearna,Magearnaマギアナ,Artificial Pokémon,1,80.5,95,115,80,130,115,65,steel,fairy,7,1